IATA_ID,Name,WMO_ID,MSC_ID,Latitude,Longitude,Elevation(m),Data_Provider,Dataset/Network,AUTO/MAN,Province/Territory
4400488,East Chedabucto Bay,44488,9302000,45.445000,-60.953800,0.000,,,AUTO,
4400489,West Chedabucto Bay,44489,9302001,45.486870,-61.141000,0.000,,,AUTO,
4400490,West Bay of Fundy,44490,9300300,44.660560,-66.368600,0.000,,,AUTO,
4600303,Southern Georgia Strait,46303,9102000,49.025000,-123.430000,0.000,,,AUTO,
4600304,Entrance to English Bay,46304,9102001,49.301670,-123.357000,0.000,,,AUTO,
CAAW,SHEARWATER RCS,71264,8205092,44.629840,-63.513290,25.200,MSC,CA,AUTO,Nova Scotia
CABB,BEDFORD BASIN,71329,8200573,44.706111,-63.633333,3.500,MSC,CA,AUTO,Nova Scotia
CABF,BURGEO NL,71152,8400801,47.613000,-57.610300,10.600,MSC,CA,AUTO,Newfoundland and Labrador
CABH,WINTERLAND BRANCH HILL,73080,8404242,47.136111,-55.328056,30.260,MSC,CA,AUTO,Newfoundland and Labrador
CABR,BEDFORD RANGE,71325,8200574,44.745555,-63.660278,9.600,MSC,CA,AUTO,Nova Scotia
CABT,BOUCTOUCHE,71666,8100593,46.430555,-64.767400,44.500,MSC,CA,AUTO,New Brunswick
CACM,CORMACK RCS,71367,8401295,49.322000,-57.393400,165.800,MSC,CA,AUTO,Newfoundland and Labrador
CACP,BACCARO PT,71920,8200255,43.450800,-65.471700,4.600,MSC,CA,AUTO,Nova Scotia
CACQ,MIRAMICHI RCS,71744,8100989,47.009400,-65.465000,33.000,MSC,CA,AUTO,New Brunswick
CADL,DANIEL'S HARBOUR,73024,8401405,50.236388,-57.581111,25.000,MSC,CA,AUTO,Newfoundland and Labrador
CADN,DOAKTOWN AUTO RCS,71038,8101201,46.585300,-66.009900,43.000,MSC,CA,AUTO,New Brunswick
CADS,ST LAWRENCE,71110,8403619,46.916700,-55.383300,48.500,MSC,CA,AUTO,Newfoundland and Labrador
CAEI,ESKASONI FIRST NATION,71175,8201780,45.920600,-60.646900,28.000,MSC,CA,AUTO,Nova Scotia
CAFC,FREDERICTON CDA CS,71668,8101605,45.920300,-66.608900,35.000,MSC,CA,AUTO,New Brunswick
CAFL,CHURCHILL FALLS,,8501130,53.558000,-64.094000,439.500,DND,RA,AUTO,Newfoundland and Labrador
CAGL,COLLEGEVILLE AUTO,71698,8201001,45.490194,-62.016167,61.000,MSC,CA,AUTO,Nova Scotia
CAHD,HALIFAX DOCKYARD,71328,8202240,44.655277,-63.575833,3.800,MSC,CA,AUTO,Nova Scotia
CAHK,HALIFAX KOOTENAY,71326,8202252,44.587500,-63.550000,52.000,MSC,CA,AUTO,Nova Scotia
CAHR,HARRINGTON CDA CS,71350,830P001,46.343780,-63.169740,53.000,MSC,CA,AUTO,Prince Edward Island
CAHT,CHETICAMP HIGHLANDS NATIONAL PARK,73023,8200828,46.651120,-60.954660,17.000,MSC,CA,AUTO,Nova Scotia
CAHW,HALIFAX WINDSOR PARK,71327,8202255,44.656944,-63.608056,51.000,MSC,CA,AUTO,Nova Scotia
CAJT,STEPHENVILLE RCS,71159,8403820,48.561400,-58.566100,58.000,MSC,CA,AUTO,Newfoundland and Labrador
CAJW,ST JOHNS WEST CLIMATE,71250,8403603,47.513400,-52.783300,110.000,MSC,CA,AUTO,Newfoundland and Labrador
CAKC,KOUCHIBOUGUAC,71670,8102326,46.789277,-65.013056,22.500,MSC,CA,AUTO,New Brunswick
CAMR,MILLERTOWN CLIMATE,71856,8402757,48.816700,-56.534400,203.600,MSC,CA,AUTO,Newfoundland and Labrador
CAMS,MECHANIC SETTLEMENT,71787,8102848,45.693611,-65.165000,403.000,MSC,CA,AUTO,New Brunswick
CANH,STANHOPE,,8300590,46.415158,-63.075939,3.000,MSC,CA,AUTO,Prince Edward Island
CAOH,UPPER STEWIACKE RCS,71753,8204193,45.233055,-63.055278,23.500,MSC,CA,AUTO,Nova Scotia
CAOS,OSBORNE HEAD,71324,8204190,44.612777,-63.422500,30.000,MSC,CA,AUTO,Nova Scotia
CAPB,PORT-AUX-BASQUES,73026,8402980,47.573416,-59.153094,39.700,MSC,CA,AUTO,Newfoundland and Labrador
CAPR,PARRSBORO,71493,8204402,45.413366,-64.346317,30.890,MSC,CA,AUTO,Nova Scotia
CAQY,SYDNEY CS,71758,8205702,46.163300,-60.041700,63.500,MSC,CA,AUTO,Nova Scotia
CARP,RED PINES,71634,8104295,47.439400,-65.597800,124.000,MSC,CA,AUTO,New Brunswick
CASB,SABLE ISLAND,73025,8204708,43.931450,-60.008370,6.300,MSC,CA,AUTO,Nova Scotia
CASF,SUSSEX FOUR CORNERS,71656,8105210,45.741666,-65.529167,57.900,MSC,CA,AUTO,New Brunswick
CAUU,LOUISBOURG,71596,8203163,45.901670,-59.996110,15.000,MSC,CA,AUTO,Nova Scotia
CAVA,BONAVISTA,71178,8400601,48.667200,-53.114200,25.600,MSC,CA,AUTO,Newfoundland and Labrador
CAWR,WRECKHOUSE,71180,8404343,47.711700,-59.308300,31.700,MSC,CA,AUTO,Newfoundland and Labrador
CBBC,CBBC,71582,1060815,52.185120,-128.156800,42.900,NAV CANADA,NC-AWOS,AUTO,British Columbia
CEQI,YARMOUTH RCS,71884,8206491,43.830900,-66.088100,36.000,MSC,CA,AUTO,Nova Scotia
CERM,EDMUNDSTON,71590,8101303,47.416700,-68.324500,154.200,MSC,CA,AUTO,New Brunswick
CERU,ATLANTIC EER (New Ross ERU),,8202195,44.727800,-64.456100,135.000,MSC,CA,AUTO,Nova Scotia
CESB,SHELBURNE SANDY POINT,73015,8205130,43.753027,-65.307917,47.525,MSC,CA,AUTO,Nova Scotia
CEWD,WOODSTOCK NEWBRIDGE,71606,8105603,46.152200,-67.542800,154.000,MSC,CA,AUTO,New Brunswick
CGAH,LA GRANDE IV,71823,7093GJ5,53.750000,-73.682800,306.300,MSC,CA,AUTO,Quebec
CGBC,BAIE-COMEAU,71890,7040442,49.135055,-68.202444,22.600,MSC,CA,AUTO,Quebec
CGCH,CHIBOUGAMAU-CHAPAIS,73011,7091410,49.777316,-74.530383,389.300,MSC,CA,AUTO,Quebec
CGCL,CAUSAPSCAL AIRPORT,73005,7051201,48.308816,-67.252750,123.000,MSC,CA,AUTO,Quebec
CGGA,GASPE AIRPORT,73116,7052603,48.783333,-64.483333,40.000,MSC,CA,AUTO,Quebec
CGKM,SCHEFFERVILLE COTE-NORD,73075,7117824,54.802700,-66.804533,517.200,MSC,CA,AUTO,Quebec
CGMG,MATAGAMI,71821,7094637,49.757833,-77.793222,280.000,MSC,CA,AUTO,Quebec
CGRQ,TROIS RIVIERES,71729,7018563,46.366700,-72.683300,61.200,MSC,CA,AUTO,Quebec
CGVO,VAL-D'OR,71725,7098603,48.056500,-77.786600,338.880,MSC,CA,AUTO,Quebec
CMFJ,KUUJJUARAPIK,71615,7103539,55.369516,-77.629167,30.000,MSC,CA,AUTO,Quebec
CMFM,FORET MONTMORENCY RCS,71212,7042395,47.322600,-71.148300,672.830,MSC,CA,AUTO,Quebec
CMFX,SALLUIT,71641,7117800,62.179450,-75.670300,228.000,MSC,CA,AUTO,Quebec
CMGB,GRANBY,,7022802,45.372800,-72.773900,87.000,MSC,CA,AUTO,Quebec
CMGZ,GRANDES BERGERONNES,71942,7042845,48.274400,-69.543600,59.000,MSC,CA,AUTO,Quebec
CMIN,PARC NATIONAL DES PINGUALUIT,71976,7115800,61.312833,-73.668406,503.000,MSC,CA,AUTO,Quebec
CMJI,MONT-JOLI,71658,7055122,48.605277,-68.195556,54.500,MSC,CA,AUTO,Quebec
CMJK,INUKJUAK,71907,710S005,58.467300,-78.078700,23.100,MSC,CA,AUTO,Quebec
CMJN,NEW RICHMOND EAST,71659,7055440,48.156733,-65.841919,2.000,MSC,CA,AUTO,Quebec
CMLU,LEMIEUX,71616,701Q009,46.303800,-72.060500,96.700,MSC,CA,AUTO,Quebec
CMMY,SAINT-MICHEL-DES-SAINTS,71737,7077571,46.815583,-74.094028,429.900,MSC,CA,AUTO,Quebec
CMNT,NATASHQUAN AIRPORT,71813,7045401,50.190100,-61.794200,10.700,MSC,CA,AUTO,Quebec
CMRF,RIVIERE AUX FEUILLES,71743,7116505,57.909722,-72.976000,171.400,MSC,CA,AUTO,Quebec
CMSI,SAINT-GERMAIN-DE-GRANTHAM,71967,7027470,45.825300,-72.537000,86.000,MSC,CA,AUTO,Quebec
CMTH,THETFORD MINES RCS,71494,7028442,46.049200,-71.266200,430.000,MSC,CA,AUTO,Quebec
CMUS,NANTES,73115,7023681,45.606366,-70.932736,477.000,MSC,CA,AUTO,Quebec
CNBB,KUGAARUK CLIMATE,71407,2303094,68.537461,-89.788886,17.600,MSC,CA,AUTO,Nunavut
CNBI,BATHURST INLET,71874,2300551,66.837600,-108.014500,6.000,MSC,CA,AUTO,Nunavut
CNCD,CAPE DORSET CLIMATE,71575,2400636,64.230800,-76.530400,51.500,MSC,CA,AUTO,Nunavut
CNCN,CLINTON,71474,1161663,51.144555,-121.504555,1059.000,MSC,CA,AUTO,British Columbia
CNCO,KUGLUKTUK CLIMATE,71332,2300904,67.817200,-115.135300,24.400,MSC,CA,AUTO,Nunavut
CNDT,POND INLET CLIMATE,71576,2403204,72.693300,-77.957500,66.164,MSC,CA,AUTO,Nunavut
CNEK,EUREKA CLIMATE,71613,2401199,79.989200,-85.933900,10.000,MSC,CA,AUTO,Nunavut
CNES,EDMONTON SOUTH CAMPUS,,3012220,53.490014,-113.537778,670.000,GovAB,CA,AUTO,Alberta
CNFR,FORT ROSS,71629,2402051,72.017900,-94.197800,11.500,MSC,CA,AUTO,Nunavut
CNGC,GRISE FIORD CLIMATE,71971,2402351,76.422800,-82.902200,46.000,MSC,CA,AUTO,Nunavut
CNGH,GATESHEAD ISLAND,71141,2402332,70.632700,-100.267300,21.500,MSC,CA,AUTO,Nunavut
CNLB,LINDBERGH AGDM,71567,3013921,53.942778,-110.578889,630.000,GovAB,CA,AUTO,Alberta
CNLD,LEEDALE AGDM,71565,3023740,52.553056,-114.472500,947.000,GovAB,CA,AUTO,Alberta
CNNR,NIER AGDM,71495,3034795,51.369444,-114.099167,1145.000,GovAB,CA,AUTO,Alberta
CNPK,PEKISKO,71669,3055119,50.368500,-114.415400,1415.000,MSC,CA,AUTO,Alberta
CNPL,CAPE LIVERPOOL,,2400675,73.665700,-78.293600,2.000,MSC,CA,AUTO,Nunavut
CNPV,CAPE PROVIDENCE,,2501419,74.456600,-112.160600,6.000,MSC,CA,AUTO,Northwest Territories
CNSG,SVARTEVAEG,71872,2403833,81.160800,-91.816600,21.500,MSC,CA,AUTO,Nunavut
CNSQ,SANIKILUAQ,71643,2303668,56.537400,-79.260500,34.000,MSC,CA,AUTO,Nunavut
CNTK,TOMAHAWK AGDM,71566,3016505,53.439444,-114.718333,814.000,GovAB,CA,AUTO,Alberta
CNTL,TOMPKINS LANDING AGCM,,3076530,58.020578,-116.847797,343.000,GovAB,CA,AUTO,Alberta
CNVQ,NORMAN WELLS CLIMATE,71480,2202810,65.287500,-126.753400,93.600,MSC,CA,AUTO,Northwest Territories
CNZS,CORAL HARBOUR RCS,71134,2301010,64.187875,-83.346808,57.000,MSC,CA,AUTO,Nunavut
COGE,GERALDTON AIRPORT,73071,6042719,49.780910,-86.932370,349.970,MSC,CA,AUTO,Ontario
COKN,KING CITY NORTH,73074,6154150,43.963522,-79.574111,362.000,MSC,CA,AUTO,Ontario
COSL,SIOUX LOOKOUT AIRPORT,73017,6037800,50.123122,-91.904722,387.500,MSC,CA,AUTO,Ontario
COSM,SAULT STE. MARIE AIRPORT,73070,6057593,46.478055,-84.516667,189.000,MSC,CA,AUTO,Ontario
COTL,BIG TROUT LAKE,71208,6010740,53.816400,-89.891600,219.500,MSC,CA,AUTO,Ontario
COTR,TERRACE BAY AIRPORT,73018,6048232,48.815316,-87.091756,288.900,MSC,CA,AUTO,Ontario
CPAA,ALLIANCE AGCM,71006,3010162,52.315280,-111.778613,737.000,GovAB,CA,AUTO,Alberta
CPAC,ACADIA VALLEY,71048,3020035,51.066136,-110.316969,735.000,GovAB,CA,AUTO,Alberta
CPAF,ATHABASCA AGCM,71271,3060330,54.634723,-113.381947,635.000,GovAB,CA,AUTO,Alberta
CPAH,ALBERT HALL AGCM,71005,3010060,53.113334,-111.181113,658.000,GovAB,CA,AUTO,Alberta
CPAT,ATLEE AGCM,71986,3020405,50.810019,-111.005564,795.000,GovAB,CA,AUTO,Alberta
CPAV,ARDENVILLE,,3030200,49.527511,-113.433914,1126.000,GovAB,CA,AUTO,Alberta
CPAZ,AZURE,71981,3030450,50.511944,-114.013061,1143.000,GovAB,CA,AUTO,Alberta
CPBA,BARONS AGCM,71007,3030529,50.025836,-113.224447,967.000,GovAB,CA,AUTO,Alberta
CPBB,BUSBY AGCM,71284,3010979,53.930835,-113.921667,714.000,GovAB,CA,AUTO,Alberta
CPBC,BALLATER AGCM,,3070495,55.576944,-117.235556,560.000,GovAB,CA,AUTO,Alberta
CPBD,BLACK DIAMOND,71982,3030680,50.706669,-114.151667,1156.000,GovAB,CA,AUTO,Alberta
CPBE,BEISEKER AGCM,71009,3020610,51.378613,-113.357223,896.000,GovAB,CA,AUTO,Alberta
CPBH,BULLHORN HEADWATERS,71016,3050965,49.152500,-113.550556,1326.000,GovAB,CA,AUTO,Alberta
CPBL,BELLSHILL AGCM,71010,3010650,52.582224,-111.465280,721.000,GovAB,CA,AUTO,Alberta
CPBM,BEAVER MINES,71304,3050602,49.467900,-114.175000,1257.000,MSC,CA,AUTO,Alberta
CPBN,BROWNVALE AGCM,71283,3070800,56.117778,-117.886391,748.000,GovAB,CA,AUTO,Alberta
CPBO,BRANDON RCS,71136,5010490,49.903444,-99.945586,408.000,MSC,CA,AUTO,Manitoba
CPBR,BULLHORN COULEE RESERVOIR,71839,3050960,49.295278,-113.358611,1115.000,GovAB,CA,AUTO,Alberta
CPBS,BASSANO AGCM,71008,3030540,50.892501,-112.465003,807.000,GovAB,CA,AUTO,Alberta
CPBT,BLOOD TRIBE AGDM,71517,3030720,49.566667,-113.050000,980.000,GovAB,CA,AUTO,Alberta
CPBU,BULL SPRINGS AGCM,,3030879,50.339470,-110.484100,780.000,GovAB,CA,AUTO,Alberta
CPBV,BIG VALLEY AGCM,71011,3020679,51.997779,-112.802502,870.000,GovAB,CA,AUTO,Alberta
CPCA,CADOGAN AGCM,71012,3010992,52.334169,-110.510001,690.000,GovAB,CA,AUTO,Alberta
CPCC,CRESTOMERE AGCM,71380,3011892,52.732779,-113.902780,855.000,GovAB,CA,AUTO,Alberta
CPCE,CEREAL AGCM,,3021463,51.275800,-110.824400,753.000,GovAB,CA,AUTO,Alberta
CPCF,CARROT CREEK AGCM,,3061350,53.623064,-115.893631,861.000,GovAB,CA,AUTO,Alberta
CPCH,FORT CHIPEWYAN RCS,71056,3072659,58.767222,-111.117222,239.000,MSC,CA,AUTO,Alberta
CPCI,CALGARY INT'L CS,71393,3031094,51.109444,-114.000277,1082.000,MSC,CA,AUTO,Alberta
CPCK,PINCHER CREEK CLIMATE,71736,3035208,49.522200,-114.005000,1190.000,MSC,CA,AUTO,Alberta
CPCM,CRAIGMYLE AGCM,71013,3021912,51.775000,-112.252223,845.000,GovAB,CA,AUTO,Alberta
CPCN,CAPPON,,3021200,51.066947,-110.796689,758.000,GovAB,CA,AUTO,Alberta
CPCR,GLENWOOD,71885,3032818,49.334444,-113.524444,1074.000,GovAB,CA,AUTO,Alberta
CPCS,CLEAR HILLS AGCM,,3071661,56.528905,-117.933352,672.000,GovAB,CA,AUTO,Alberta
CPCY,CARWAY,71488,3031402,48.999600,-113.379100,1354.000,MSC,CA,AUTO,Alberta
CPDA,DELBURNE AGCM,71014,3012050,52.182779,-113.175557,889.000,GovAB,CA,AUTO,Alberta
CPDB,DEWBERRY AGCM,71359,3012073,53.659169,-110.587502,616.000,GovAB,CA,AUTO,Alberta
CPDO,DEADWOOD AGCM AB,,3071957,56.715289,-117.543350,551.000,GovAB,CA,AUTO,Alberta
CPDU,DUPRE AGCM,71414,3081690,54.366946,-110.867779,556.000,GovAB,CA,AUTO,Alberta
CPEA,EDGERTON AGCM,71360,3012192,52.777778,-110.432778,649.000,GovAB,CA,AUTO,Alberta
CPEH,ENCHANT AGDM,71518,3032422,50.183333,-112.433333,801.000,GovAB,CA,AUTO,Alberta
CPEL,EAGLESHAM AGCM,71461,3072151,55.808056,-117.886667,563.000,GovAB,CA,AUTO,Alberta
CPET,ETZICOM AGCM,71409,3032450,49.552778,-111.054169,845.000,GovAB,CA,AUTO,Alberta
CPFA,FERINTOSH AGCM,71673,3012590,52.743614,-112.857780,795.000,GovAB,CA,AUTO,Alberta
CPFB,FORT ASSINIBOINE AGCM,71483,3062660,54.410279,-114.769168,676.000,GovAB,CA,AUTO,Alberta
CPFE,FLEET AGCM,,3012635,52.040836,-111.813058,823.000,GovAB,CA,AUTO,Alberta
CPFF,FINNEGAN AGCM,,3022650,51.053190,-112.097370,748.000,GovAB,CA,AUTO,Alberta
CPFI,FINCASTLE AGDM,71535,3032550,49.800000,-112.033333,833.000,GovAB,CA,AUTO,Alberta
CPFM,FORT MACLEOD AGCM,71789,3032683,49.785833,-113.379447,978.000,GovAB,CA,AUTO,Alberta
CPFO,FORESTBURG AGCM,71674,3012653,52.548335,-112.123334,721.000,GovAB,CA,AUTO,Alberta
CPFR,ST. FRANCIS,,3012799,53.294731,-114.320011,809.000,GovAB,CA,AUTO,Alberta
CPGB,GOOSEBERRY LAKE AGCM,,3012871,52.113056,-110.802500,740.000,GovAB,CA,AUTO,Alberta
CPGC,GLENEVIS AGCM,71500,3012818,53.832502,-114.538890,670.000,GovAB,CA,AUTO,Alberta
CPGE,GILT EDGE NORTH AGCM,71791,3012790,53.070835,-110.620836,647.000,GovAB,CA,AUTO,Alberta
CPGF,GREAT FALLS CLIMATE,71570,5031201,50.458930,-96.010600,254.500,MSC,CA,AUTO,Manitoba
CPGH,GIMLI CLIMATE,71748,5031042,50.633300,-97.050000,230.100,MSC,CA,AUTO,Manitoba
CPGI,GLEICHEN AGCM,71498,3032801,50.934446,-112.940558,907.000,GovAB,CA,AUTO,Alberta
CPGL,GRASSY LAKE,71788,3032927,49.873611,-111.732778,783.000,GovAB,CA,AUTO,Alberta
CPGT,GLADSTONE AGCM,,3012810,52.987248,-112.278082,704.000,GovAB,CA,AUTO,Alberta
CPHA,HALKIRK AGCM,71792,3012999,52.116391,-112.164167,843.000,GovAB,CA,AUTO,Alberta
CPHE,HEMARUKA AGCM,71793,3013140,51.779724,-111.211946,780.000,GovAB,CA,AUTO,Alberta
CPHR,HESPERO AGCM,71540,3023200,52.310002,-114.485834,965.000,GovAB,CA,AUTO,Alberta
CPHU,HUGHENDEN AGCM,71794,3013362,52.578058,-110.783612,703.000,GovAB,CA,AUTO,Alberta
CPHW,HAWK HILLS AGCM,71507,3073071,57.264723,-117.297503,455.000,GovAB,CA,AUTO,Alberta
CPIA,IRVINE AGCM,71795,3033550,49.989169,-110.261391,795.000,GovAB,CA,AUTO,Alberta
CPIF,ISLAND FALLS (AUT),71331,4063605,55.533300,-102.350000,297.400,MSC,CA,AUTO,Saskatchewan
CPII,ISLAND LAKE SOUTH,71654,3063600,54.816833,-113.560000,619.700,MSC,CA,AUTO,Alberta
CPIL,LOON LAKE RCS,71273,4064620,54.019700,-109.138300,545.600,MSC,CA,AUTO,Saskatchewan
CPIR,IRON SPRINGS AGDM,71528,3033498,49.900000,-112.733333,858.000,GovAB,CA,AUTO,Alberta
CPJM,ESTEVAN RCS,71559,4012410,49.205370,-102.967080,580.600,MSC,CA,AUTO,Saskatchewan
CPJP,CROSS LAKE JENPEG 2,71106,5060622,54.539722,-98.030278,221.000,MSC,CA,AUTO,Manitoba
CPJT,JEAN COTE AGCM,71541,3073535,55.912779,-117.119724,638.000,GovAB,CA,AUTO,Alberta
CPKA,KESSLER AGCM,71796,3013644,52.290278,-111.113057,720.000,GovAB,CA,AUTO,Alberta
CPKG,KEG RIVER AGCM,,3073644,57.787500,-117.676667,408.000,GovAB,CA,AUTO,Alberta
CPKI,KITSCOTY AGCM,71797,3013660,53.353335,-110.416112,664.000,GovAB,CA,AUTO,Alberta
CPKK,KINIKINIK,,3063640,54.563075,-112.981117,629.000,GovAB,CA,AUTO,Alberta
CPKO,KEOMA AGCM,,3033620,51.190560,-113.630560,945.000,GovAB,CA,AUTO,Alberta
CPKR,KINSELLA RESEARC STATION,,3013647,53.046944,-111.547500,701.000,GovAB,CA,AUTO,Alberta
CPKY,ROCKY LANE AGCM,,3075550,58.451683,-116.480560,301.000,GovAB,CA,AUTO,Alberta
CPLA,LINDEN AGCM,71035,3023850,51.618891,-113.655558,914.000,GovAB,CA,AUTO,Alberta
CPLC,LA CRETE AGCM,71542,3073730,58.171947,-116.342778,323.000,GovAB,CA,AUTO,Alberta
CPLE,LYNN LAKE RCS,71632,5061649,56.861800,-101.068100,355.700,MSC,CA,AUTO,Manitoba
CPLF,LEGAL AGCM,71544,3013790,54.003056,-113.474445,680.000,GovAB,CA,AUTO,Alberta
CPLG,LA GLACE AGCM,71543,3073740,55.421945,-119.254723,760.000,GovAB,CA,AUTO,Alberta
CPLS,KEY LAKE,71033,4063753,57.250000,-105.600000,513.900,MSC,CA,AUTO,Saskatchewan
CPLY,ISPAS,,3065712,53.851389,-111.835283,655.000,GovAB,CA,AUTO,Alberta
CPLZ,LODGE CREEK,,3023900,49.457710,-110.341200,1068.000,GovAB,CA,AUTO,Alberta
CPMA,MANNVILLE AGCM,71047,3014195,53.455557,-111.255280,656.000,GovAB,CA,AUTO,Alberta
CPMB,MANYBERRIES AGCM,71051,3044203,49.363889,-110.678057,927.000,GovAB,CA,AUTO,Alberta
CPMK,MANKOTA,71204,4034910,49.100000,-107.016700,830.000,MSC,CA,AUTO,Saskatchewan
CPML,MOSSLEIGH AGCM,71057,3034577,50.672501,-113.348613,965.000,GovAB,CA,AUTO,Alberta
CPMN,MYRNAM AGCM,71065,3014690,53.720002,-111.114446,580.000,GovAB,CA,AUTO,Alberta
CPMR,ST. MARY RESERVOIR,71837,3056100,49.361389,-113.110000,1128.000,GovAB,CA,AUTO,Alberta
CPNB,EVANSBURG2 AGCM,71481,3062476,53.613889,-115.062247,785.000,GovAB,CA,AUTO,Alberta
CPNS,NEW SEREPTA AGCM,71067,3014795,53.262225,-113.165002,765.000,GovAB,CA,AUTO,Alberta
CPNU,SUNNYNOOK AGCM,,3026264,51.300836,-111.388064,775.000,GovAB,CA,AUTO,Alberta
CPNX,RANFURLY AUTO,71637,3015401,53.424900,-111.725700,688.000,MSC,CA,AUTO,Alberta
CPOX,SASKATOON RCS,71496,4057165,52.173600,-106.718900,504.100,MSC,CA,AUTO,Saskatchewan
CPOY,CYPRESS RIVER RCS,71239,5010641,49.562200,-99.073900,375.500,MSC,CA,AUTO,Manitoba
CPPL,PAKOWKI LAKE AGCM,71070,3045000,49.224724,-111.126113,915.000,GovAB,CA,AUTO,Alberta
CPPN,SOCIAL PLAINS AGCM,,3036040,50.732000,-110.214700,741.000,GovAB,CA,AUTO,Alberta
CPPR,PRINCE ALBERT GLASS FIELD,73002,4056243,53.210241,-105.676677,425.450,MSC,CA,AUTO,Saskatchewan
CPPT,PATRICIA AGCM,,3025013,50.740020,-111.621000,726.000,GovAB,CA,AUTO,Alberta
CPPV,PLEASANT VIEW,,3065200,54.963894,-113.320578,649.000,GovAB,CA,AUTO,Alberta
CPQD,THE PAS CLIMATE,71695,5052890,53.974588,-101.088833,275.500,MSC,CA,AUTO,Manitoba
CPQL,LETHBRIDGE DEMO FARM AGDM,71509,3033897,49.683333,-112.750000,903.000,GovAB,CA,AUTO,Alberta
CPQU,QUEENSTOWN,71073,3035342,50.597781,-112.803347,941.000,GovAB,CA,AUTO,Alberta
CPQW,NORTH BATTLEFORD RCS,71754,4045607,52.769275,-108.250369,524.000,MSC,CA,AUTO,Saskatchewan
CPRA,RIVERCOURSE AGCM,71102,3015501,53.018890,-110.101945,669.000,GovAB,CA,AUTO,Alberta
CPRD,PRIDDIS OBSERVATORY,,3033505,50.869167,-114.291667,1267.000,GovAB,CA,AUTO,Alberta
CPRE,RAINIER AGCM,,3035355,50.366667,-112.116667,765.000,GovAB,CA,AUTO,Alberta
CPRF,RYCROFT AGCM,71546,3075601,55.776668,-118.668056,575.000,GovAB,CA,AUTO,Alberta
CPRH,ROLLING HILLS AGCM,71105,3035530,50.265002,-111.701111,645.000,GovAB,CA,AUTO,Alberta
CPRJ,YORKTON RCS,71886,4019073,51.260108,-102.461547,498.400,MSC,CA,AUTO,Saskatchewan
CPRL,ROSALIND AGCM,71202,3015600,52.780280,-112.427779,712.000,GovAB,CA,AUTO,Alberta
CPRO,ROSEMARY AGDM,71537,3035650,50.833333,-112.050000,714.000,GovAB,CA,AUTO,Alberta
CPRR,MILK RIVER RIDGE RESERVOIR,71015,3044545,49.283889,-112.538333,1305.000,GovAB,CA,AUTO,Alberta
CPRS,RIBSTONE SOUTH AGCM,71089,3015480,52.586945,-110.342779,644.000,GovAB,CA,AUTO,Alberta
CPRW,RADWAY AGCM,71545,3015346,53.995001,-112.879167,625.000,GovAB,CA,AUTO,Alberta
CPRY,RAYMOND AGDM,71536,3035422,49.483333,-112.683333,937.000,GovAB,CA,AUTO,Alberta
CPSA,SEDALIA AGCM,71399,3015797,51.590280,-110.754723,755.000,GovAB,CA,AUTO,Alberta
CPSD,STANDARD AGCM,71440,3036086,51.228335,-112.981946,901.000,GovAB,CA,AUTO,Alberta
CPSH,SHONTS AGCM,71405,3015900,53.332500,-112.539446,679.000,GovAB,CA,AUTO,Alberta
CPSL,ST. LINA AGCM,71548,3015673,54.282223,-111.453057,619.000,GovAB,CA,AUTO,Alberta
CPSP,SPONDIN AGCM,71413,3016070,51.815836,-111.682501,804.000,GovAB,CA,AUTO,Alberta
CPSQ,SWEETGRASS LANDING,,3076330,58.852889,-111.997000,212.000,MSC,CA,AUTO,Alberta
CPSR,ST. ALBERT RESEARCH STATION,,3025750,53.691944,-113.619722,687.000,GovAB,CA,AUTO,Alberta
CPST,STRATHMORE AGDM,71526,3036205,51.033333,-113.283333,967.000,GovAB,CA,AUTO,Alberta
CPSU,SIOUX FALLS CLIMATE,71168,9052008,43.733530,-96.623436,483.020,MSC,CA,AUTO,
CPSV,SEVEN PERSONS AGDM,71525,3035845,49.916667,-110.916667,766.000,GovAB,CA,AUTO,Alberta
CPSW,SAVANNA AGCM,71547,3075770,56.076112,-119.344724,703.000,GovAB,CA,AUTO,Alberta
CPTA,TAWATINAW AGCM,71549,3066367,54.299725,-113.520278,611.000,GovAB,CA,AUTO,Alberta
CPTC,TEEPEE CREEK AGCM,71690,3076366,55.352224,-118.407501,670.000,GovAB,CA,AUTO,Alberta
CPTE,TIDE LAKE AGCM,,3036485,50.455570,-111.321400,766.000,GovAB,CA,AUTO,Alberta
CPTG,KLEEFELD (MAFRI),71646,5021500,49.534727,-96.914719,248.000,MSC,CA,AUTO,Manitoba
CPTH,THORSBY AGCM,71504,3016441,53.217224,-113.894724,754.000,GovAB,CA,AUTO,Alberta
CPTR,TRAVERS AGCM,71848,3036500,50.303613,-112.862502,955.000,GovAB,CA,AUTO,Alberta
CPTU,TULLIBY LAKE AGCM,71857,3016593,53.664169,-110.080835,596.000,GovAB,CA,AUTO,Alberta
CPUN,PILGER,71655,4056121,52.416700,-105.150000,552.000,MSC,CA,AUTO,Saskatchewan
CPVA,VIKING AGCM,71888,3016841,53.182222,-111.731667,711.000,GovAB,CA,AUTO,Alberta
CPVI,VILNA AGCM,71761,3016852,54.130000,-111.921390,645.000,GovAB,CA,AUTO,Alberta
CPVR,VERGER,,3026800,50.895021,-111.955006,723.000,GovAB,CA,AUTO,Alberta
CPWB,WIMBORNE AGCM,71904,3027582,51.935836,-113.590834,940.000,GovAB,CA,AUTO,Alberta
CPWT,WETASKIWIN AGCM,71895,3017282,52.980280,-113.444168,774.000,GovAB,CA,AUTO,Alberta
CPWX,WASECA RCS,71663,4048521,53.131600,-109.405200,638.000,MSC,CA,AUTO,Saskatchewan
CPXB,BUFFALO AGCM,,3020950,50.798100,-110.685580,723.000,GovAB,CA,AUTO,Alberta
CPXC,BLACKIE AGCM,,3030690,50.545579,-113.640278,1019.000,GovAB,CA,AUTO,Alberta
CPXH,HAND HILLS AGCM,,3022990,51.452500,-112.135200,941.000,GovAB,CA,AUTO,Alberta
CPXL,BOW ISLAND IRRIGATION AGDM,71519,3030772,49.866667,-111.383333,799.000,GovAB,CA,AUTO,Alberta
CPXS,SHEERNESS AGCM,,3025890,51.462780,-111.646400,852.000,GovAB,CA,AUTO,Alberta
CPXX,RALSTON AGCM,,3035362,50.099100,-111.213080,770.000,GovAB,CA,AUTO,Alberta
CPXZ,LETHBRIDGE AGTECH AGCM,,3033877,49.647222,-112.762500,916.000,GovAB,CA,AUTO,Alberta
CPYQ,CHURCHILL CLIMATE,71696,5060608,58.739305,-94.075139,30.000,MSC,CA,AUTO,Manitoba
CPYS,YELLOW GRASS NORTH,73001,4019041,49.820560,-104.181000,578.000,MSC,CA,AUTO,Saskatchewan
CPYT,YOUNGSTOWN AGCM,,3017705,51.490557,-111.223613,800.000,GovAB,CA,AUTO,Alberta
CPZC,CAMPSIE AUTO,71636,3061201,54.130600,-114.677600,648.000,MSC,CA,AUTO,Alberta
CPZH,SLAVE LAKE RCS,71693,3065997,55.293100,-114.777200,584.000,MSC,CA,AUTO,Alberta
CPZK,KIRRIEMUIR AGCM,,3023660,51.913078,-110.358915,711.000,GovAB,CA,AUTO,Alberta
CPZL,LATHOM AGCM,,3033770,50.600290,-112.298903,810.000,GovAB,CA,AUTO,Alberta
CPZN,PINHORN AGCM,,3045100,49.028895,-111.025017,1061.000,GovAB,CA,AUTO,Alberta
CPZW,WARNER AGCM,,3046951,49.282792,-112.160296,1004.000,GovAB,CA,AUTO,Alberta
CTAG,FORT FRANCES RCS,71962,6022474,48.651180,-93.438960,345.200,MSC,CA,AUTO,Ontario
CTBF,BRANTFORD AIRPORT,71602,6140942,43.137500,-80.331389,253.000,MSC,CA,AUTO,Ontario
CTBO,BROCKVILLE CLIMATE,71161,6100970,44.634000,-75.753000,120.400,MSC,CA,AUTO,Ontario
CTBT,BEATRICE CLIMATE,71694,6110607,45.136000,-79.399000,299.200,MSC,CA,AUTO,Ontario
CTCK,MOOSE CREEK WELLS,71635,6105397,45.251110,-74.962800,85.500,MSC,CA,AUTO,Ontario
CTGT,GUELPH TURFGRASS,71833,6143089,43.547000,-80.214800,331.000,MSC,CA,AUTO,Ontario
CTKG,KINGSTON CLIMATE,71820,6104142,44.218000,-76.595000,120.000,MSC,CA,AUTO,Ontario
CTKR,KENORA RCS,71151,6034073,49.790600,-94.361500,412.700,MSC,CA,AUTO,Ontario
CTLS,LAKE SUPERIOR PROVINCIAL PARK,71640,6054425,47.723175,-84.813978,400.274,MSC,CA,AUTO,Ontario
CTMS,TIMMINS CLIMATE,71193,6078282,48.568000,-81.378000,294.400,MSC,CA,AUTO,Ontario
CTNK,ALGONQUIN PARK EAST GATE,71581,6080192,45.536000,-78.263000,397.000,MSC,CA,AUTO,Ontario
CTPM,PEMBROKE,71196,6106367,45.860300,-77.252500,161.000,MSC,CA,AUTO,Ontario
CTPQ,PETERBOROUGH TRENT U,71672,6166456,44.351000,-78.295000,223.000,MSC,CA,AUTO,Ontario
CTRA,RAWSON LAKE (AUT),71855,6036907,49.664200,-93.732800,435.000,MSC,CA,AUTO,Ontario
CTSB,SUDBURY CLIMATE,71733,6068145,46.632400,-80.796000,348.000,MSC,CA,AUTO,Ontario
CTTR,TOBERMORY RCS,71767,6128330,45.224000,-81.635000,219.500,MSC,CA,AUTO,Ontario
CTUX,UXBRIDGE WEST,71932,6159123,44.098100,-79.163700,333.000,MSC,CA,AUTO,Ontario
CTWL,WELLAND-PELHAM,71752,6139449,42.973222,-79.324945,186.000,MSC,CA,AUTO,Ontario
CTXR,EARLTON CLIMATE,71213,6072230,47.697500,-79.852000,243.400,MSC,CA,AUTO,Ontario
CTZE,GORE BAY CLIMATE,71956,6092920,45.885000,-82.571000,188.600,MSC,CA,AUTO,Ontario
CTZN,NORTH BAY AIRPORT,73016,6085695,46.372730,-79.423570,369.000,MSC,CA,AUTO,Ontario
CTZR,SARNIA CLIMATE,71746,6127519,42.995111,-82.307500,189.000,MSC,CA,AUTO,Ontario
CVAS,ASHCROFT,71681,1160515,50.708300,-121.281400,327.000,MSC,CA,AUTO,British Columbia
CVBB,DELTA BURNS BOG,71042,1102415,49.125800,-123.002200,3.100,MSC,CA,AUTO,British Columbia
CVBD,BELLA COOLA AIRPORT,71533,1060844,52.388611,-126.586944,35.700,MSC,CA,AUTO,British Columbia
CVBR,BURWASH AIRPORT AUTO,71195,2100184,61.370100,-139.031700,805.500,MSC,CA,AUTO,Yukon
CVCL,CULTUS LAKE,,1102221,49.078889,-121.978611,45.700,MSC,CA,AUTO,British Columbia
CVCW,CLEARWATER AUTO,71645,1161650,51.650000,-120.066700,438.000,MSC,CA,AUTO,British Columbia
CVFN,FORT NELSON,71594,1192948,58.841389,-122.574167,378.900,MSC,CA,AUTO,British Columbia
CVFS,FORT ST JAMES AUTO,71933,1092975,54.455300,-124.285600,688.000,MSC,CA,AUTO,British Columbia
CVGE,GOLDEN AIRPORT,71905,1173220,51.300222,-116.984333,785.000,MSC,CA,AUTO,British Columbia
CVKU,KELOWNA UBCO,71644,1123996,49.940600,-119.400000,456.000,MSC,CA,AUTO,British Columbia
CVLY,LYTTON RCS,71765,1114746,50.224400,-121.581900,225.000,MSC,CA,AUTO,British Columbia
CVME,MERRITT,71557,1125073,50.112500,-120.778100,591.000,MSC,CA,AUTO,British Columbia
CVOC,WHISTLER - NESTERS,71687,1100875,50.128900,-122.954600,661.800,MSC,CA,AUTO,British Columbia
CVOD,CALLAGHAN VALLEY,71688,1101300,50.143900,-123.110600,884.000,MSC,CA,AUTO,British Columbia
CVOM,PORT MELLON,71605,1046332,49.526300,-123.496200,125.100,MSC,CA,AUTO,British Columbia
CVOO,NORTH COWICHAN,71927,1015630,48.824200,-123.718300,44.800,MSC,CA,AUTO,British Columbia
CVOP,POWELL RIVER,71720,1046392,49.834600,-124.496800,127.000,MSC,CA,AUTO,British Columbia
CVOQ,QUALICUM BEACH AIRPORT,71766,1026562,49.337222,-124.393889,58.200,MSC,CA,AUTO,British Columbia
CVOU,SECHELT AUT,71638,1047172,49.458000,-123.715300,89.200,MSC,CA,AUTO,British Columbia
CVPE,HOPE AIRPORT,71114,1113543,49.369800,-121.493500,39.000,MSC,CA,AUTO,British Columbia
CVPX,PRINCE GEORGE MASSEY AUTO,,1096454,53.900000,-122.790900,601.000,MSC,CA,AUTO,British Columbia
CVQZ,QUESNEL AIRPORT AUTO,71779,1096631,53.026700,-122.506400,545.000,MSC,CA,AUTO,British Columbia
CVRA,REVELSTOKE AIRPORT AUTO,71882,1176755,50.958222,-118.176277,446.200,MSC,CA,AUTO,British Columbia
CVSL,OOTSA LAKE SKINS LAKE,71679,1085836,53.771900,-125.996700,861.000,MSC,CA,AUTO,British Columbia
CVTF,TSAWWASSEN FERRY AUTO,,1108291,49.003900,-123.133300,7.300,MSC,CA,AUTO,British Columbia
CVTS,SATURNA CAPMON,71914,1017099,48.775000,-123.128100,182.000,MSC,CA,AUTO,British Columbia
CVVR,VANCOUVER SEA ISLAND CCG,71608,1108380,49.182500,-123.187200,2.110,MSC,CA,AUTO,British Columbia
CVXC,CRANBROOK AIRPORT AUTO,71660,1152106,49.617611,-115.789055,926.000,MSC,CA,AUTO,British Columbia
CVXS,PRINCE GEORGE AIRPORT AUTO,71302,1096453,53.888900,-122.671900,680.000,MSC,CA,AUTO,British Columbia
CVXY,WHITEHORSE AUTO,71773,2101310,60.733100,-135.097800,707.000,MSC,CA,AUTO,Yukon
CVYD,SMITHERS AIRPORT AUTO,71268,1077501,54.824300,-127.189000,516.300,MSC,CA,AUTO,British Columbia
CVZP,SANDSPIT AIRPORT AUTO,71101,1057051,53.249444,-131.813138,6.400,MSC,CA,AUTO,British Columbia
CVZY,MACKENZIE AIRPORT AUTO,71944,1184793,55.305300,-122.862200,694.000,MSC,CA,AUTO,British Columbia
CWAE,CWAE,,1048899,50.166670,-122.900000,657.800,NAV CANADA,NC-HWOS,MAN,British Columbia
CWAF,ILE ROUGE,71426,7043BP9,48.068900,-69.555600,5.900,MSC,CA,AUTO,Quebec
CWAG,LA SCIE,71337,8402520,49.912800,-55.671300,192.500,MSC,CA,AUTO,Newfoundland and Labrador
CWAJ,ERIEAU (AUT),71465,613KLLM,42.256900,-81.908700,175.500,MSC,CA,AUTO,Ontario
CWAQ,CORONACH SPC,71516,40318MN,49.050000,-105.483300,756.000,MSC,CA,AUTO,Saskatchewan
CWAS,HOWE SOUND - PAM ROCKS,71211,10459NN,49.487900,-123.299500,7.100,MSC,CA,AUTO,British Columbia
CWAV,SUNDRE A,71248,3026KNQ,51.778100,-114.682500,1114.400,MSC,CA,AUTO,Alberta
CWAY,MOULD BAY CS,71989,250M001,76.237500,-119.347200,2.500,MSC,CA,AUTO,Northwest Territories
CWBA,BARRAGE TEMISCAMINGUE,71732,7080468,46.709700,-79.101100,181.400,MSC,CA,AUTO,Quebec
CWBD,INDIAN HEAD CDA,71515,4013480,50.550000,-103.650000,579.100,MSC,CA,AUTO,Saskatchewan
CWBE,KILLARNEY (AUT),71460,605DJ25,45.966700,-81.483300,196.300,MSC,CA,AUTO,Ontario
CWBJ,INNER WHALEBACKS,71162,2202560,61.920700,-113.725713,166.500,MSC,CA,AUTO,Northwest Territories
CWBK,CARIBOU POINT (AUT),71415,8200774,45.764300,-62.680539,2.400,MSC,CA,AUTO,Nova Scotia
CWBM,BEAVERLODGE RCS,71230,3070600,55.196700,-119.396400,746.600,MSC,CA,AUTO,Alberta
CWBO,BROOKS,71457,3030QLP,50.555500,-111.849000,746.800,MSC,CA,AUTO,Alberta
CWBT,LONGUE-POINTE-DE-MINGAN,71512,7044328,50.271500,-64.226500,11.000,MSC,CA,AUTO,Quebec
CWBU,NIPAWIN,71312,407N51G,53.332300,-104.003100,371.900,MSC,CA,AUTO,Saskatchewan
CWBV,BEAVER ISLAND (AUT),71403,8200558,44.824800,-62.337900,16.000,MSC,CA,AUTO,Nova Scotia
CWBY,PORT-MENIER,71810,7056202,49.838722,-64.293222,53.200,MSC,CA,AUTO,Quebec
CWBZ,ST-ANICET 1,71712,702FQLF,45.120800,-74.289500,49.100,MSC,CA,AUTO,Quebec
CWCF,BERENS RIVER CS,71158,5030203,52.359700,-97.022000,221.900,MSC,CA,AUTO,Manitoba
CWCH,ATIKOKAN (AUT),71747,6020LPQ,48.761100,-91.628100,389.810,MSC,CA,AUTO,Ontario
CWCI,CARIBOU ISLAND (AUT),71433,6041222,47.339430,-85.826017,189.000,MSC,CA,AUTO,Ontario
CWCJ,PUKASKWA (AUT),71750,6046768,48.607722,-86.287361,192.600,MSC,CA,AUTO,Ontario
CWCO,COLLINGWOOD,71270,6111792,44.505500,-80.221600,179.800,MSC,CA,AUTO,Ontario
CWCT,CORONATION CLIMATE,71318,3011887,52.074200,-111.449400,791.000,MSC,CA,AUTO,Alberta
CWDA,ENGLEE (AUT),71417,8401538,50.721100,-56.112800,27.500,MSC,CA,AUTO,Newfoundland and Labrador
CWDC,URANIUM CITY (AUT),71076,406QLD0,59.566700,-108.483300,318.200,MSC,CA,AUTO,Saskatchewan
CWDE,LAC BENOIT,71520,706I001,51.532400,-71.110400,549.000,MSC,CA,AUTO,Quebec
CWDI,BADGER (AUT),71400,8400301,48.966700,-56.066700,104.900,MSC,CA,AUTO,Newfoundland and Labrador
CWDJ,REGINA RCS,71514,4016699,50.426913,-104.670158,577.300,MSC,CA,AUTO,Saskatchewan
CWDK,CLARESHOLM,71234,3031640,50.003600,-113.640600,1012.000,MSC,CA,AUTO,Alberta
CWDM,CHEVERY,71814,7041382,50.464888,-59.639556,7.700,MSC,CA,AUTO,Quebec
CWDO,TWILLINGATE (AUT),71402,8404025,49.683300,-54.800000,92.300,MSC,CA,AUTO,Newfoundland and Labrador
CWDP,MANOUANE EST,71521,706I155,50.656472,-70.532028,497.000,MSC,CA,AUTO,Quebec
CWDQ,LA TUQUE,71378,707DBD4,47.244000,-72.471500,168.900,MSC,CA,AUTO,Quebec
CWDR,DISCOVERY ISLAND,71031,1012475,48.424600,-123.225833,18.900,MSC,CA,AUTO,British Columbia
CWDT,CHUTE-DES-PASSES,71522,7061541,49.840138,-71.168333,398.100,MSC,CA,AUTO,Quebec
CWDU,COP UPPER,71235,3031875,51.076200,-114.222500,1235.000,MSC,CA,AUTO,Alberta
CWDV,UPSALA (AUT),71435,6049095,49.036000,-90.461300,485.500,MSC,CA,AUTO,Ontario
CWDW,ST ANTHONY,71558,8403399,51.383300,-56.100000,29.300,MSC,CA,AUTO,Newfoundland and Labrador
CWDZ,DRUMHELLER EAST,71237,30221LG,51.445100,-112.675800,678.200,MSC,CA,AUTO,Alberta
CWEA,PINAWA,71448,503B1ER,50.177200,-96.064700,268.000,MSC,CA,AUTO,Manitoba
CWEB,ESTEVAN POINT CS,71894,1032731,49.383200,-126.544700,7.010,MSC,CA,AUTO,British Columbia
CWEC,WELCOME ISLAND (AUT),71751,6049443,48.369200,-89.119400,210.600,MSC,CA,AUTO,Ontario
CWEE,CHAMOUCHOUANE,71523,7061288,49.278305,-73.355861,303.800,MSC,CA,AUTO,Quebec
CWEF,ST PAUL ISLAND (AUT),71418,8204909,47.226333,-60.139972,26.200,MSC,CA,AUTO,Nova Scotia
CWEH,EASTEND CYPRESS (AUT),71131,4032322,49.437800,-108.988600,1079.600,MSC,CA,AUTO,Saskatchewan
CWEI,MELITA,71447,501A7AR,49.281300,-100.986400,445.900,MSC,CA,AUTO,Manitoba
CWEK,GREY ISLET (AUT),71476,1063303,54.580300,-130.697800,9.500,MSC,CA,AUTO,British Columbia
CWEL,ENTRANCE ISLAND,71772,1022689,49.208714,-123.810565,9.600,MSC,CA,AUTO,British Columbia
CWEO,LAC EON,71421,704C64L,51.867361,-63.283250,588.900,MSC,CA,AUTO,Quebec
CWEP,EAST POINT (AUT),71412,8300418,46.459533,-61.987714,7.700,MSC,CA,AUTO,Prince Edward Island
CWEQ,SWAN RIVER RCS,71443,504K80K,52.115138,-101.232833,334.800,MSC,CA,AUTO,Manitoba
CWER,ILE D'ORLEANS,71424,70132G9,46.996700,-70.808300,5.200,MSC,CA,AUTO,Quebec
CWEU,CWEU,71917,2401208,79.994450,-85.811940,10.400,NAV CANADA,NC-AWOS,AUTO,Nunavut
CWEU,CWEU,71917,2401203,79.994450,-85.811940,10.400,NAV CANADA,NC-HWOS,MAN,Nunavut
CWEW,L'ASSOMPTION,71524,7014160,45.809400,-73.434800,21.000,MSC,CA,AUTO,Quebec
CWEX,EMERSON AUTO,71560,5020881,49.000000,-97.237500,243.500,MSC,CA,AUTO,Manitoba
CWEZ,SATURNA ISLAND,71473,1017101,48.783900,-123.045555,24.410,MSC,CA,AUTO,British Columbia
CWFD,CAPE DYER,71094,2400650,66.665560,-61.358890,725.000,DND,DND-AWOS,AUTO,Nunavut
CWFE,ELK ISLAND NAT PARK,71238,3012275,53.682619,-112.868105,714.850,MSC,CA,AUTO,Alberta
CWFF,MELFORT,71456,4055079,52.816300,-104.596400,490.000,MSC,CA,AUTO,Saskatchewan
CWFG,SARTINE ISLAND (AUT),71478,1037090,50.819384,-128.906201,103.450,MSC,CA,AUTO,British Columbia
CWFJ,CARDSTON,71153,3031322,49.200800,-113.285900,1136.000,MSC,CA,AUTO,Alberta
CWFO,FLIN FLON,71954,5050919,54.678111,-101.679138,305.400,MSC,CA,AUTO,Manitoba
CWFP,NAIN,71665,8502799,56.550000,-61.683300,7.600,MSC,CA,AUTO,Newfoundland and Labrador
CWFQ,FRELIGHSBURG,71373,7022579,45.039583,-72.856117,224.000,MSC,CA,AUTO,Quebec
CWFW,BAIE-COMEAU,71829,704S001,49.259200,-68.145800,129.500,MSC,CA,AUTO,Quebec
CWFX,COLVILLE LAKE,71055,2200824,67.021261,-126.123177,272.300,MSC,CA,AUTO,Northwest Territories
CWFZ,FORT RELIANCE (AUT),71160,2201903,62.711400,-109.168300,168.800,MSC,CA,AUTO,Northwest Territories
CWGB,BALLENAS ISLAND,71769,1020590,49.350544,-124.160498,14.510,MSC,CA,AUTO,British Columbia
CWGD,GODERICH,71261,6122847,43.764777,-81.712278,226.000,MSC,CA,AUTO,Ontario
CWGF,GARDEN RIVER,71253,307KPFP,58.710800,-113.866500,242.000,MSC,CA,AUTO,Alberta
CWGH,GRENADIER ISLAND,71281,6103024,44.455000,-75.862000,83.500,MSC,CA,AUTO,Ontario
CWGL,LAGOON CITY,71282,6114295,44.548000,-79.221000,210.000,MSC,CA,AUTO,Ontario
CWGM,WATERTON PARK GATE,71154,3056214,49.131100,-113.808600,1296.000,MSC,CA,AUTO,Alberta
CWGN,GRETNA (AUT),71441,5021220,49.030800,-97.560000,254.100,MSC,CA,AUTO,Manitoba
CWGP,PEMBERTON AIRPORT,71777,1086082,50.305556,-122.733889,204.300,MSC,CA,AUTO,British Columbia
CWGR,ILES DE LA MADELEINE,71710,7053KGR,47.425194,-61.774667,7.600,MSC,CA,AUTO,Quebec
CWGT,SISTERS ISLAND,71781,1027403,49.486600,-124.434900,20.000,MSC,CA,AUTO,British Columbia
CWGW,SPARWOOD CS,71782,1157631,49.745000,-114.883900,1137.700,MSC,CA,AUTO,British Columbia
CWGX,GILLAM,71912,5060999,56.358900,-94.704200,146.800,MSC,CA,AUTO,Manitoba
CWGY,ESTHER 1,71240,301B460,51.669700,-110.206100,707.000,MSC,CA,AUTO,Alberta
CWGZ,CWGZ,,2402360,76.425840,-82.908060,42.700,NAV CANADA,NC-AWOS,AUTO,Nunavut
CWGZ,CWGZ,,2402338,76.425840,-82.908060,42.700,NAV CANADA,NC-HWOS,MAN,Nunavut
CWHC,VANCOUVER HARBOUR CS,71201,1108446,49.295400,-123.121900,2.500,MSC,CA,AUTO,British Columbia
CWHI,THREE HILLS,71249,3026479,51.767523,-113.205582,857.000,GovAB,CA,AUTO,Alberta
CWHL,HOLLAND ROCK,71219,1063496,54.172300,-130.361000,6.500,MSC,CA,AUTO,British Columbia
CWHN,JIMMY LAKE AWOS,71023,4063623,54.908300,-109.962000,637.100,DND,RA,AUTO,Saskatchewan
CWHO,HOPEDALE (AUT),71900,8502400,55.450000,-60.216700,10.100,MSC,CA,AUTO,Newfoundland and Labrador
CWHP,HEATH POINT,71423,7053038,49.085300,-61.700600,7.500,MSC,CA,AUTO,Quebec
CWHQ,DESCHAMBAULT,71389,7011983,46.690600,-71.971700,61.000,MSC,CA,AUTO,Quebec
CWHT,HAINES JUNCTION,71505,2100630,60.772502,-137.580277,595.300,MSC,CA,AUTO,Yukon
CWHV,BEAUCEVILLE,71323,7028754,46.205000,-70.785000,229.200,MSC,CA,AUTO,Quebec
CWIC,ISACHSEN (AUT),71074,2402604,78.792200,-103.554400,59.500,MSC,CA,AUTO,Nunavut
CWID,FORT PROVIDENCE,71087,2201799,61.316900,-117.601900,162.900,MSC,CA,AUTO,Northwest Territories
CWIG,ILE AUX GRUES,,701LBPH,47.073600,-70.533100,18.300,MSC,CA,AUTO,Quebec
CWII,VICTORIA BEACH (AUT),71552,5032951,50.700000,-96.566700,220.100,MSC,CA,AUTO,Manitoba
CWIJ,LUPIN CS,71470,230N002,65.755300,-111.245800,489.700,MSC,CA,AUTO,Nunavut
CWIK,BROADVIEW,71861,4010879,50.368100,-102.570800,599.800,MSC,CA,AUTO,Saskatchewan
CWIL,HAT ISLAND,71084,2302370,68.318060,-100.086900,36.000,DND,DND-AWOS,AUTO,Nunavut
CWIS,CHARLEVOIX (MRC),71319,7041312,47.284100,-70.637061,722.740,MSC,CA,AUTO,Quebec
CWIT,STE-CLOTILDE,71614,7027039,45.167222,-73.678889,53.000,MSC,CA,AUTO,Quebec
CWIW,WATROUS EAST,71511,4018642,51.666700,-105.400000,525.600,MSC,CA,AUTO,Saskatchewan
CWIX,MISTOOK,71381,7065012,48.598333,-71.715944,112.500,MSC,CA,AUTO,Quebec
CWIZ,L 'ACADIE,71372,702LED4,45.294000,-73.349800,43.800,MSC,CA,AUTO,Quebec
CWJB,STE-FOY (U. LAVAL),71392,701Q004,46.780300,-71.287500,91.400,MSC,CA,AUTO,Quebec
CWJC,ENNADAI LAKE (AUT),71923,2301102,61.131900,-100.883900,354.200,MSC,CA,AUTO,Nunavut
CWJD,GRAND RAPIDS (AUT),71858,5031A10,53.186400,-99.267800,226.000,MSC,CA,AUTO,Manitoba
CWJH,SOUTHEND,71451,4067655,56.337577,-103.286702,344.100,MSC,CA,AUTO,Saskatchewan
CWJI,ASSINIBOIA AIRPORT,71487,4020286,49.729200,-105.946100,725.500,MSC,CA,AUTO,Saskatchewan
CWJL,FORT LIARD,71497,2201579,60.235775,-123.472672,214.400,MSC,CA,AUTO,Northwest Territories
CWJN,HERSCHEL ISLAND,71501,2100636,69.567788,-138.911241,2.400,MSC,CA,AUTO,Yukon
CWJO,JONQUIERE,71617,7063370,48.425033,-71.142503,135.600,MSC,CA,AUTO,Quebec
CWJR,CRESTON CAMPBELL SCIENTIFIC,71770,114B1F0,49.081900,-116.500600,646.210,MSC,CA,AUTO,British Columbia
CWJT,ST-JOVITE,71376,703GDKB,46.080222,-74.555805,238.500,MSC,CA,AUTO,Quebec
CWJU,LANGARA ISLAND RCS,71903,1054503,54.255300,-133.058300,49.000,MSC,CA,AUTO,British Columbia
CWJV,VERNON AUTO,71115,1128582,50.223300,-119.193600,482.000,MSC,CA,AUTO,British Columbia
CWJW,JASPER WARDEN,71486,3053536,52.926550,-118.029733,1020.000,MSC,CA,AUTO,Alberta
CWJX,LEADER AIRPORT,71459,402DAF0,50.909500,-109.501400,675.500,MSC,CA,AUTO,Saskatchewan
CWKA,GRIEF POINT,,1043304,49.804600,-124.525200,10.000,MSC,CA,AUTO,British Columbia
CWKB,CORNER BROOK,71973,8401298,48.933300,-57.916700,151.800,MSC,CA,AUTO,Newfoundland and Labrador
CWKD,BONNARD 1,71383,7060826,50.728900,-71.013100,498.000,MSC,CA,AUTO,Quebec
CWKF,LILLOOET,71999,1114619,50.683700,-121.934100,239.900,MSC,CA,AUTO,British Columbia
CWKG,KEJIMKUJIK 1,71599,8202592,44.432200,-65.203100,125.900,MSC,CA,AUTO,Nova Scotia
CWKH,MALAHAT,71774,1014820,48.574900,-123.529900,365.760,MSC,CA,AUTO,British Columbia
CWKO,ROCKGLEN (AUT),71135,4036844,49.167800,-105.979200,917.000,MSC,CA,AUTO,Saskatchewan
CWKV,CWKV,,1113582,49.283300,-121.233000,687.800,NAV CANADA,NC-HWOS,MAN,British Columbia
CWKX,DEASE LAKE (AUT),71222,119BLM0,58.425800,-130.025600,800.665,MSC,CA,AUTO,British Columbia
CWLB,LAC LA BICHE CLIMATE,71316,3063686,54.768900,-112.023600,568.600,MSC,CA,AUTO,Alberta
CWLC,LUCY ISLAND LIGHTSTATION,71220,1064728,54.295900,-130.609000,26.200,MSC,CA,AUTO,British Columbia
CWLE,LUCKY LAKE,71455,4024714,50.950000,-107.150000,664.700,MSC,CA,AUTO,Saskatchewan
CWLG,LITTLE CHICAGO,71164,220B6Q3,67.179200,-130.228100,63.700,MSC,CA,AUTO,Northwest Territories
CWLI,LIVERPOOL BAY,71960,220B68C,69.604670,-130.892870,102.000,DND,DND-AWOS,AUTO,Northwest Territories
CWLJ,MEADOW LAKE,71970,406N0NM,54.133300,-108.516700,481.000,MSC,CA,AUTO,Saskatchewan
CWLM,VICTORIA GONZALES CS,71200,1018611,48.413302,-123.324775,69.000,MSC,CA,AUTO,British Columbia
CWLP,HERBERT ISLAND (AUT),71485,1063461,50.939900,-127.632200,14.200,MSC,CA,AUTO,British Columbia
CWLS,MOUNT FOREST,71631,6145504,43.989000,-80.745000,422.000,MSC,CA,AUTO,Ontario
CWLV,WASKESIU LAKE,71454,4068559,53.916700,-106.066700,569.400,MSC,CA,AUTO,Saskatchewan
CWLY,CWLY,71812,1114738,50.233330,-121.566670,225.000,NAV CANADA,NC-AWOS,AUTO,British Columbia
CWME,CATHEDRAL POINT (AUT),71482,1061458,52.187475,-127.471103,25.700,MSC,CA,AUTO,British Columbia
CWMI,MISCOU ISLAND (AUT),71719,8103050,48.008900,-64.494200,5.000,MSC,CA,AUTO,New Brunswick
CWMJ,MANIWAKI AIRPORT,71721,7034482,46.273555,-75.987750,199.700,MSC,CA,AUTO,Quebec
CWMM,PITT MEADOWS CS,71775,1106178,49.208300,-122.690000,5.000,MSC,CA,AUTO,British Columbia
CWMQ,MAPLE CREEK,71453,4024919,49.902500,-109.466100,766.700,MSC,CA,AUTO,Saskatchewan
CWMT,WHATI,71163,2202678,63.134300,-117.244497,271.300,MSC,CA,AUTO,Northwest Territories
CWMX,MILDRED LAKE,71255,3064528,57.040366,-111.560452,311.100,MSC,CA,AUTO,Alberta
CWMZ,WESTERN ISLAND (AUT),71438,6119M51,45.033300,-80.366700,191.100,MSC,CA,AUTO,Ontario
CWNC,COBOURG (AUT),71431,6151684,43.956100,-78.151000,83.000,MSC,CA,AUTO,Ontario
CWND,PELLY ISLAND,71502,2203095,69.622455,-135.435683,18.200,MSC,CA,AUTO,Northwest Territories
CWNE,NORTH CAPE,71987,8300516,47.058208,-63.996956,7.600,MSC,CA,AUTO,Prince Edward Island
CWNH,RIVIERE-DU-LOUP,71715,7056616,47.806100,-69.548500,146.500,MSC,CA,AUTO,Quebec
CWNK,CARMAN U OF M CS,71147,502I001,49.498100,-98.029800,268.200,MSC,CA,AUTO,Manitoba
CWNL,GREAT DUCK ISLAND (AUT),71462,6093005,45.633300,-82.950000,182.000,MSC,CA,AUTO,Ontario
CWNM,NELSON CS,71776,1145M29,49.491400,-117.305300,534.900,MSC,CA,AUTO,British Columbia
CWNO,CWNO,,1186173,56.560700,-122.716900,960.100,NAV CANADA,NC-HWOS,MAN,British Columbia
CWNP,NAKUSP AIRPORT,71216,1145297,50.269444,-117.817222,512.100,MSC,CA,AUTO,British Columbia
CWNQ,NICOLET,71723,7025442,46.225800,-72.657200,8.000,MSC,CA,AUTO,Quebec
CWNR,NAKISKA RIDGETOP,71245,305MGFF,50.943400,-115.191500,2543.000,MSC,CA,AUTO,Alberta
CWNS,NORTHEAST MARGAREE,73027,8204154,46.368540,-60.976110,52.200,MSC,CA,AUTO,Nova Scotia
CWNV,MACMILLAN PASS,71990,2100693,63.243600,-130.037200,1379.000,MSC,CA,AUTO,Yukon
CWNZ,NAGAGAMI (AUT),71832,6075543,49.746800,-84.163700,265.500,MSC,CA,AUTO,Ontario
CWOB,BREVOORT ISLAND,71097,2400565,63.339720,-64.145830,376.000,DND,DND-AWOS,AUTO,Nunavut
CWOC,NEW CARLISLE 1,71619,7055422,48.012027,-65.331611,46.400,MSC,CA,AUTO,Quebec
CWOD,NORMANDIN,71379,7065639,48.842000,-72.546400,137.200,MSC,CA,AUTO,Quebec
CWOE,ONEFOUR CDA,71116,3044923,49.123000,-110.469000,935.000,MSC,CA,AUTO,Alberta
CWOI,IVVAVIK NAT. PARK,71978,2100660,69.164400,-140.150000,244.800,MSC,CA,AUTO,Yukon
CWOJ,OAKPOINT MARINE,71144,504K0NM,50.499527,-98.036611,250.900,MSC,CA,AUTO,Manitoba
CWOK,ELBOW CS,71450,4022359,51.133300,-106.583300,595.000,MSC,CA,AUTO,Saskatchewan
CWON,DAWSON,71966,2100LRP,64.050000,-139.133300,370.000,MSC,CA,AUTO,Yukon
CWOO,MCCREARY,71149,5043158,50.711900,-99.530000,352.500,MSC,CA,AUTO,Manitoba
CWOV,BRETON PLOTS,71233,3010816,53.089444,-114.440833,851.500,GovAB,CA,AUTO,Alberta
CWOY,WYNYARD (AUT),71865,40190LN,51.765788,-104.192472,560.100,MSC,CA,AUTO,Saskatchewan
CWPA,HENDRICKSON CREEK,71979,3063135,53.794280,-118.445061,1448.000,MSC,CA,AUTO,Alberta
CWPC,PORT COLBORNE (AUT),71463,613F606,42.866700,-79.250000,185.000,MSC,CA,AUTO,Ontario
CWPD,L'ETAPE,71382,7015791,47.562200,-71.228900,791.200,MSC,CA,AUTO,Quebec
CWPE,POINT LEPREAU CS,71699,8104201,45.073152,-66.449394,7.800,MSC,CA,AUTO,New Brunswick
CWPF,ESQUIMALT HARBOUR,71798,1012710,48.431972,-123.439333,3.010,MSC,CA,AUTO,British Columbia
CWPG,PORTAGE SOUTHPORT,71851,5012324,49.903055,-98.283806,274.200,MSC,CA,AUTO,Manitoba
CWPK,PARENT,71726,7075800,47.922400,-74.624400,444.708,MSC,CA,AUTO,Quebec
CWPL,PICKLE LAKE (AUT),71835,6016525,51.449200,-90.218100,391.500,MSC,CA,AUTO,Ontario
CWPN,PEMBERTON AIRPORT (WINDS),,1086081,50.302200,-122.738100,203.000,MSC,CA,AUTO,British Columbia
CWPO,PILOT MOUND (AUT),71148,5022125,49.187933,-98.906400,472.500,MSC,CA,AUTO,Manitoba
CWPR,PRINCETON CS,71032,112FN0M,49.465159,-120.514858,696.500,MSC,CA,AUTO,British Columbia
CWPU,PUNTZI MOUNTAIN AIRPORT (AUT),71050,1086558,52.114400,-124.135600,909.800,MSC,CA,AUTO,British Columbia
CWPX,CAPE PEEL WEST,71064,2400697,69.036480,-107.821650,165.000,DND,DND-AWOS,AUTO,Nunavut
CWPZ,BURNS LAKE DECKER LAKE,71952,1091174,54.383200,-125.958700,713.200,MSC,CA,AUTO,British Columbia
CWQB,QUEBEC/JEAN LESAGE INTL,71714,701S001,46.803600,-71.381700,60.000,MSC,CA,AUTO,Quebec
CWQC,PORT ALBERNI AIRPORT (AUT),71475,1036B06,49.316583,-124.926833,76.200,MSC,CA,AUTO,British Columbia
CWQD,POINTE DE L'ISLET,71190,7046059,48.135333,-69.716938,7.000,MSC,CA,AUTO,Quebec
CWQF,RABBIT KETTLE,71980,2203342,61.963100,-127.209200,619.400,MSC,CA,AUTO,Northwest Territories
CWQH,LENNOXVILLE,71611,7024280,45.368613,-71.823430,181.000,MSC,CA,AUTO,Quebec
CWQK,RACE ROCKS,71778,1016640,48.298500,-123.531400,31.000,MSC,CA,AUTO,British Columbia
CWQL,LETHBRIDGE CDA,71243,3033890,49.684600,-112.767600,921.100,MSC,CA,AUTO,Alberta
CWQP,POINT PETRE (AUT),71430,6156559,43.839500,-77.151500,84.600,MSC,CA,AUTO,Ontario
CWQQ,LACOMBE CDA 2,71242,3023722,52.448986,-113.756766,858.050,MSC,CA,AUTO,Alberta
CWQR,ILE AUX PERROQUETS,71375,7043B79,50.220800,-64.207200,9.000,MSC,CA,AUTO,Quebec
CWQS,KINDAKUN ROCKS (AUT),71472,1054222,53.315600,-132.772000,14.200,MSC,CA,AUTO,British Columbia
CWQV,POINTE CLAVEAU,71189,704607C,48.260500,-70.114600,4.000,MSC,CA,AUTO,Quebec
CWQW,CAPE WHITTLE,71374,7041100,50.163100,-60.061700,7.000,MSC,CA,AUTO,Quebec
CWRA,CAPE RACE (AUT),71800,8401000,46.660000,-53.076400,26.500,MSC,CA,AUTO,Newfoundland and Labrador
CWRD,RED EARTH,71246,3075488,56.552000,-115.277800,547.300,MSC,CA,AUTO,Alberta
CWRJ,ROSETOWN EAST,71510,4046884,51.566700,-107.916700,586.000,MSC,CA,AUTO,Saskatchewan
CWRK,BANCROFT AUTO,71294,616I001,45.072000,-77.881000,330.700,MSC,CA,AUTO,Ontario
CWRM,ROCKY MTN HOUSE (AUT),71928,3015523,52.421400,-114.912200,989.600,MSC,CA,AUTO,Alberta
CWRN,HART ISLAND (AUT),71419,8202318,45.350000,-60.983300,8.200,MSC,CA,AUTO,Nova Scotia
CWRO,ROSE SPIT (AUT),71477,1056869,54.159100,-131.661300,6.600,MSC,CA,AUTO,British Columbia
CWRR,ROCK RIVER,71506,2100935,66.981100,-136.218100,731.000,MSC,CA,AUTO,Yukon
CWRT,CROWSNEST,71236,3051R4R,49.627800,-114.482000,1303.000,MSC,CA,AUTO,Alberta
CWRU,SOLANDER ISLAND (AUT),71479,1037553,50.111508,-127.940311,94.200,MSC,CA,AUTO,British Columbia
CWRV,CAMROSE,71254,3011240,53.042863,-112.821616,740.000,MSC,CA,AUTO,Alberta
CWRX,ROWLEY ISLAND,71088,2403625,69.083330,-79.033330,41.000,DND,DND-AWOS,AUTO,Nunavut
CWRY,MILK RIVER,71244,3044533,49.133900,-112.051000,1051.600,MSC,CA,AUTO,Alberta
CWRZ,CAP-D'ESPOIR,71429,7051050,48.419388,-64.316944,15.400,MSC,CA,AUTO,Quebec
CWSA,CWSA,71595,8204703,43.929440,-59.959720,1.200,NAV CANADA,NC-AWOS,AUTO,Nova Scotia
CWSB,POINT ATKINSON,71037,1106200,49.330278,-123.264722,16.000,MSC,CA,AUTO,British Columbia
CWSD,SUMMERSIDE,71702,8300596,46.441244,-63.837367,12.200,MSC,CA,AUTO,Prince Edward Island
CWSF,CAP-MADELEINE,71425,7051163,49.250833,-65.324722,29.000,MSC,CA,AUTO,Quebec
CWSG,CAP-CHAT,71428,705S002,49.063300,-66.391590,5.000,MSC,CA,AUTO,Quebec
CWSK,SQUAMISH AIRPORT,71207,10476F0,49.783208,-123.161194,52.110,MSC,CA,AUTO,British Columbia
CWSL,SALMON ARM CS,71218,116FRMN,50.703000,-119.290677,352.500,MSC,CA,AUTO,British Columbia
CWSN,LONDON CS,71622,6144478,43.026833,-81.148750,279.500,MSC,CA,AUTO,Ontario
CWSP,SHERINGHAM POINT,71780,1017254,48.376800,-123.921000,25.000,MSC,CA,AUTO,British Columbia
CWSR,SPIRITWOOD WEST,71133,4067723,53.366194,-107.556508,584.300,MSC,CA,AUTO,Saskatchewan
CWSS,ST STEPHEN,71607,8104935,45.210200,-67.252900,26.100,MSC,CA,AUTO,New Brunswick
CWST,LA POCATIERE,71713,7054096,47.354483,-70.029883,31.000,MSC,CA,AUTO,Quebec
CWSU,SPRAGUE,71449,5022759,49.023600,-95.598300,330.300,MSC,CA,AUTO,Manitoba
CWSV,BLUE RIVER CS,71883,1160H99,52.129000,-119.289500,682.800,MSC,CA,AUTO,British Columbia
CWSW,CWSW,,1157635,49.833360,-114.884350,1158.200,NAV CANADA,NC-AWOS,AUTO,British Columbia
CWSW,CWSW,,1157632,49.833360,-114.884350,1158.200,NAV CANADA,NC-HWOS,MAN,British Columbia
CWSY,SACHS HARBOUR CLIMATE,71467,2503648,71.992500,-125.254200,88.500,MSC,CA,AUTO,Northwest Territories
CWSZ,FISHER BRANCH (AUT),71442,50309J6,51.083400,-97.554500,253.000,MSC,CA,AUTO,Manitoba
CWTA,MCTAVISH,71612,7024745,45.504900,-73.579300,72.800,MSC,CA,AUTO,Quebec
CWTD,ROBERTSON LAKE (AUT),71490,2303610,65.099700,-102.429400,244.700,MSC,CA,AUTO,Nunavut
CWTE,SAMBAA K'E,71166,220CQHR,60.428944,-121.258583,498.000,MSC,CA,AUTO,Northwest Territories
CWTG,POINTE-DES-MONTS,71427,704F0PN,49.316700,-67.372778,5.900,MSC,CA,AUTO,Quebec
CWTH,CWTH,,1195800,58.650000,-123.950000,810.000,NAV CANADA,NC-HWOS,MAN,British Columbia
CWTN,CAP-TOURMENTE,71384,7041JG6,47.078600,-70.780800,6.000,MSC,CA,AUTO,Quebec
CWTQ,MONTREAL/PIERRE ELLIOTT TRUDEAU INTL,71183,702S006,45.467800,-73.741700,32.100,MSC,CA,AUTO,Quebec
CWTS,SCOTT CDA,71489,4047240,52.359700,-108.834700,659.600,MSC,CA,AUTO,Saskatchewan
CWTT,LAC MEMPHREMAGOG,10801,702CFGG,45.266700,-72.166700,208.700,MSC,CA,AUTO,Quebec
CWTY,TROIS-RIVIERES,71724,7018562,46.353700,-72.515100,6.000,MSC,CA,AUTO,Quebec
CWUK,CHAPAIS,71824,7091299,49.822500,-74.975300,381.100,MSC,CA,AUTO,Quebec
CWUM,FARO (AUT),71949,2100518,62.207500,-133.375800,716.600,MSC,CA,AUTO,Yukon
CWUS,SUMMERLAND CS,71768,112G8L1,49.562600,-119.648700,454.200,MSC,CA,AUTO,British Columbia
CWUT,SHOAL LAKE CS,71150,5012654,50.454900,-100.603500,562.800,MSC,CA,AUTO,Manitoba
CWUW,DEWAR LAKES,71092,2401030,68.650000,-71.166670,527.000,DND,DND-AWOS,AUTO,Nunavut
CWUX,LA BAIE,71388,706Q001,48.298100,-70.919500,151.600,MSC,CA,AUTO,Quebec
CWUY,ROUYN,71734,7086716,48.245800,-79.034200,318.000,MSC,CA,AUTO,Quebec
CWVC,SWIFT CURRENT CDA,71446,4028060,50.266700,-107.733300,825.000,MSC,CA,AUTO,Saskatchewan
CWVF,SANDHEADS CS,71209,1107010,49.105900,-123.303400,13.000,MSC,CA,AUTO,British Columbia
CWVI,VEGREVILLE,71458,3016GF0,53.505300,-112.097800,640.500,MSC,CA,AUTO,Alberta
CWVN,VAL MARIE SOUTHEAST,71137,4038412,49.058300,-107.585800,796.000,MSC,CA,AUTO,Saskatchewan
CWVO,VAUXHALL CDA CS,71251,3036682,50.050000,-112.133300,779.000,MSC,CA,AUTO,Alberta
CWVP,CYPRESS HILLS PARK,71139,4031999,49.640600,-109.514400,1270.600,MSC,CA,AUTO,Saskatchewan
CWVQ,STE-ANNE-DE-BELLEVUE 1,71377,702FHL8,45.435833,-73.928889,39.000,MSC,CA,AUTO,Quebec
CWVT,BUFFALO NARROWS (AUT),71077,4060983,55.840600,-108.420600,440.100,MSC,CA,AUTO,Saskatchewan
CWVU,BRIER ISLAND,71988,8200604,44.285725,-66.342242,27.000,MSC,CA,AUTO,Nova Scotia
CWVW,GRATES COVE,71336,840B053,48.171900,-52.939200,17.900,MSC,CA,AUTO,Newfoundland and Labrador
CWWA,WEST VANCOUVER AUT,71784,1108824,49.347000,-123.193300,170.000,MSC,CA,AUTO,British Columbia
CWWB,BURLINGTON PIER,71437,6151061,43.300000,-79.800000,78.500,MSC,CA,AUTO,Ontario
CWWC,COLLINS BAY,71075,4061620,58.229200,-103.678100,412.600,MSC,CA,AUTO,Saskatchewan
CWWE,WESTERN HEAD,71411,8206240,43.990000,-64.664167,10.060,MSC,CA,AUTO,Nova Scotia
CWWF,WEYBURN,71452,401HP5R,49.694500,-103.800900,588.600,MSC,CA,AUTO,Saskatchewan
CWWK,WHITE ROCK,71785,1108910,49.018100,-122.783900,13.010,MSC,CA,AUTO,British Columbia
CWWL,BONILLA ISLAND (AUT),71484,1060R0K,53.492900,-130.639000,14.900,MSC,CA,AUTO,British Columbia
CWWN,PEAWANUCK (AUT),71434,6016295,54.990319,-85.440717,53.940,MSC,CA,AUTO,Ontario
CWWO,WILLOW CREEK 1,71252,306GE70,53.385600,-118.347500,1370.000,MSC,CA,AUTO,Alberta
CWWP,WASAGAMING,71444,5013117,50.655000,-99.941900,628.900,MSC,CA,AUTO,Manitoba
CWWS,GEORGE ISLAND (AUT),71445,5030984,52.818600,-97.616400,222.500,MSC,CA,AUTO,Manitoba
CWWX,COVE ISLAND (AUT),71439,61219J2,45.333300,-81.733300,180.700,MSC,CA,AUTO,Ontario
CWWZ,PORT WELLER (AUT),71432,6136699,43.250000,-79.216700,79.000,MSC,CA,AUTO,Ontario
CWXA,BOW VALLEY,71232,3050778,51.083100,-115.066000,1297.500,MSC,CA,AUTO,Alberta
CWXB,ROBLIN,71553,5012469,51.183300,-101.362800,541.000,MSC,CA,AUTO,Manitoba
CWXC,ONATCHIWAY,71387,7065738,48.894200,-71.032200,304.000,MSC,CA,AUTO,Quebec
CWXG,LAST MOUNTAIN CS,71556,4014156,51.415200,-105.243100,497.000,MSC,CA,AUTO,Saskatchewan
CWXI,FEROLLE POINT (AUT),71406,8401565,51.016700,-57.100000,7.800,MSC,CA,AUTO,Newfoundland and Labrador
CWXL,BOW ISLAND,71231,3030768,49.734400,-111.450300,838.000,MSC,CA,AUTO,Alberta
CWXN,STAVELY AAFC,71555,3036099,50.183300,-113.883300,1363.640,MSC,CA,AUTO,Alberta
CWXP,PANGNIRTUNG,71826,2403049,66.143400,-65.711300,33.490,MSC,CA,AUTO,Nunavut
CWXS,BAS CARAQUET,71598,8100467,47.802200,-64.833300,5.000,MSC,CA,AUTO,New Brunswick
CWYE,OUTLOOK PFRA,71551,4055736,51.483300,-107.050000,541.000,MSC,CA,AUTO,Saskatchewan
CWYF,THOMSEN RIVER,71916,2503886,73.231011,-119.540672,42.700,MSC,CA,AUTO,Northwest Territories
CWYH,GAMETI,71165,2203359,64.111700,-117.327800,225.000,MSC,CA,AUTO,Northwest Territories
CWYI,POOLS ISLAND,71931,840BR7C,49.112200,-53.581100,9.700,MSC,CA,AUTO,Newfoundland and Labrador
CWYJ,VICTORIA UNIVERSITY CS,71783,1018598,48.457000,-123.304600,60.100,MSC,CA,AUTO,British Columbia
CWYL,YOHO PARK,71786,11790J1,51.442900,-116.344500,1601.000,MSC,CA,AUTO,British Columbia
CWYQ,POINTE-AU-PERE (INRS),71554,7056068,48.513861,-68.468416,4.900,MSC,CA,AUTO,Quebec
CWYW,ARMSTRONG (AUT),71841,6040325,50.293600,-88.905300,324.200,MSC,CA,AUTO,Ontario
CWYY,OSOYOOS CS,71215,1125852,49.028300,-119.441100,282.900,MSC,CA,AUTO,British Columbia
CWZA,AGASSIZ RCS,71113,1100119,49.242777,-121.759722,15.298,MSC,CA,AUTO,British Columbia
CWZE,CARBERRY CS,71170,5010547,49.905800,-99.357400,383.500,MSC,CA,AUTO,Manitoba
CWZF,FREDERICTON AQUATIC CENTRE C/S,,8101507,45.964200,-66.654700,8.300,MSC,CA,AUTO,New Brunswick
CWZG,BANFF CS,71122,3050519,51.193600,-115.552400,1396.900,MSC,CA,AUTO,Alberta
CWZL,CUMSHEWA ISLAND,71771,1062251,53.030300,-131.601400,16.800,MSC,CA,AUTO,British Columbia
CWZN,SAGONA ISLAND,71408,8403255,47.367800,-55.794700,64.000,MSC,CA,AUTO,Newfoundland and Labrador
CWZO,KELP REEFS,,1013998,48.547600,-123.236900,0.000,MSC,CA,AUTO,British Columbia
CWZQ,GRAND ETANG,73030,8201969,46.547120,-61.049150,14.000,MSC,CA,AUTO,Nova Scotia
CWZR,MARGARET LAKE,71977,2100697,68.800600,-140.847500,569.200,MSC,CA,AUTO,Yukon
CWZT,DAUPHIN CS,71550,5040681,51.100305,-100.056944,306.000,MSC,CA,AUTO,Manitoba
CWZU,SHEARWATER JETTY,71330,8205093,44.628055,-63.522500,5.500,MSC,CA,AUTO,Nova Scotia
CWZV,CAPE ST JAMES CS,71107,1051351,51.935800,-131.015800,89.400,MSC,CA,AUTO,British Columbia
CWZW,TESLIN (AUT),71045,2101102,60.174100,-132.735900,711.500,MSC,CA,AUTO,Yukon
CWZZ,SAGLEK,71335,8503249,58.333330,-62.585860,516.000,DND,DND-AWOS,AUTO,Newfoundland and Labrador
CXAF,ABEE AGDM,71285,3010010,54.283333,-112.966667,664.000,GovAB,CA,AUTO,Alberta
CXAG,ANDREW AGDM,71286,3010237,53.916944,-112.279167,625.000,GovAB,CA,AUTO,Alberta
CXAJ,ATMORE AGDM,71287,3060406,54.781667,-112.825000,574.000,GovAB,CA,AUTO,Alberta
CXAK,STETTLER AGDM,71289,3016124,52.346944,-112.595556,795.000,GovAB,CA,AUTO,Alberta
CXAR,ARVIAT CLIMATE,71322,2301153,61.098211,-94.068539,11.300,MSC,CA,AUTO,Nunavut
CXAT,ARCTIC BAY CS,71592,2400404,72.992800,-85.012200,11.500,MSC,CA,AUTO,Nunavut
CXBA,BODO AGDM,71214,3010730,52.124168,-110.101391,687.000,GovAB,CA,AUTO,Alberta
CXBD,BARRHEAD CS,71061,3060535,54.094700,-114.447500,649.200,MSC,CA,AUTO,Alberta
CXBI,BARRIE-ORO,71314,6117700,44.484000,-79.547000,289.000,MSC,CA,AUTO,Ontario
CXBK,BRATT'S LAKE CLIMATE,71569,4010811,50.200600,-104.710000,580.000,MSC,CA,AUTO,Saskatchewan
CXBL,BAKER LAKE CLIMATE,71356,2300501,64.318970,-96.001690,52.800,MSC,CA,AUTO,Nunavut
CXBO,BEAUPORT,71578,7010565,46.837000,-71.197300,10.000,MSC,CA,AUTO,Quebec
CXBQ,TADOULE LAKE CS,71334,5062840,58.709250,-98.500917,263.508,MSC,CA,AUTO,Manitoba
CXBR,BROCKET AGDM,71341,3030830,49.616667,-113.816667,1092.000,GovAB,CA,AUTO,Alberta
CXBW,BARNWELL AGDM,71346,3030525,49.800000,-112.300000,842.800,GovAB,CA,AUTO,Alberta
CXCA,CAMERON FALLS (AUT),71291,6041110,49.153900,-88.344700,229.500,MSC,CA,AUTO,Ontario
CXCD,CLEARDALE AGDM,71221,3074935,56.314447,-119.745000,630.000,GovAB,CA,AUTO,Alberta
CXCK,CARMACKS CS,71039,2100301,62.115000,-136.192000,546.800,MSC,CA,AUTO,Yukon
CXCM,CAMBRIDGE BAY GSN,71288,2400602,69.106583,-105.115652,20.690,MSC,CA,AUTO,Nunavut
CXCP,CHAMPION AGDM,71217,3031480,50.281945,-113.350278,1006.000,GovAB,CA,AUTO,Alberta
CXCS,CONSORT AGDM,71223,3011815,51.936947,-110.713056,772.000,GovAB,CA,AUTO,Alberta
CXDB,DEL BONITA AGDM,71224,3042045,49.050000,-112.816667,1310.000,GovAB,CA,AUTO,Alberta
CXDE,DELINE CS,71503,2201022,65.208600,-123.433400,213.800,MSC,CA,AUTO,Northwest Territories
CXDI,DELHI CS,71573,6131983,42.866667,-80.550000,240.000,MSC,CA,AUTO,Ontario
CXDK,DEADMEN VALLEY,71021,22010H0,61.257263,-124.466969,284.100,MSC,CA,AUTO,Northwest Territories
CXDP,DAPP AGDM,71340,3061975,54.316667,-113.950000,614.200,GovAB,CA,AUTO,Alberta
CXEA,EAR FALLS (AUT),71295,6012199,50.630661,-93.221375,351.500,MSC,CA,AUTO,Ontario
CXEC,EDMONTON BLATCHFORD,71157,3012209,53.573100,-113.516700,671.000,MSC,CA,AUTO,Alberta
CXEG,EDMONTON INTERNATIONAL CS,71155,3012206,53.306700,-113.605800,717.000,MSC,CA,AUTO,Alberta
CXEL,EGG ISLAND,71404,3072246,58.981400,-110.439500,216.100,MSC,CA,AUTO,Alberta
CXET,EGBERT CS,71296,611E001,44.233000,-79.780000,258.000,MSC,CA,AUTO,Ontario
CXFA,FANNY ISLAND,71568,1022795,50.453517,-125.992895,5.200,MSC,CA,AUTO,British Columbia
CXFB,IQALUIT CLIMATE,71321,2402592,63.747833,-68.544306,33.500,MSC,CA,AUTO,Nunavut
CXFM,FOREMOST AGDM,71225,3032642,49.483334,-111.486111,881.000,GovAB,CA,AUTO,Alberta
CXFR,FAIRVIEW AGDM,71347,3072525,56.081391,-118.439446,654.550,GovAB,CA,AUTO,Alberta
CXFV,FORT VERMILION,71024,3072723,58.382300,-116.040200,290.100,MSC,CA,AUTO,Alberta
CXGD,GANDER AIRPORT CS,71742,8401705,48.946100,-54.566900,151.000,MSC,CA,AUTO,Newfoundland and Labrador
CXGH,GIMLI HARBOUR CS,71577,5031041,50.631100,-96.982200,217.000,MSC,CA,AUTO,Manitoba
CXGM,GRAND MANAN SAR CS,71030,8101925,44.712100,-66.801900,78.200,MSC,CA,AUTO,New Brunswick
CXHA,HARROW CDA AUTO,71298,6133362,42.033000,-82.896000,197.000,MSC,CA,AUTO,Ontario
CXHD,HOLDEN AGDM,71227,3013340,53.185003,-112.246112,688.000,GovAB,CA,AUTO,Alberta
CXHF,HIGH FALLS,71391,7033121,45.839830,-75.648700,194.600,MSC,CA,AUTO,Quebec
CXHI,HOLMAN CS,71029,2502505,70.761400,-117.800000,32.000,MSC,CA,AUTO,Northwest Territories
CXHM,HAMILTON RBG CS,71297,6153301,43.286300,-79.905700,106.000,MSC,CA,AUTO,Ontario
CXHP,HIGH PRAIRIE AGDM,71226,3063165,55.395834,-116.479447,601.700,GovAB,CA,AUTO,Alberta
CXHR,HUSSAR AGDM,71344,3023402,51.183333,-112.500000,985.000,GovAB,CA,AUTO,Alberta
CXIB,INGONISH BEACH,71027,8202502,46.662836,-60.406434,15.100,MSC,CA,AUTO,Nova Scotia
CXKA,KAPUSKASING CDA ON,71299,6073980,49.405219,-82.442964,219.600,MSC,CA,AUTO,Ontario
CXKE,KEMPTVILLE CS,71300,6104027,45.005000,-75.638000,99.400,MSC,CA,AUTO,Ontario
CXKI,KIRKLAND LAKE CS,71301,6074211,48.151467,-80.011950,324.000,MSC,CA,AUTO,Ontario
CXKM,KILLAM AGDM,71228,3013640,52.847500,-111.871944,674.500,GovAB,CA,AUTO,Alberta
CXKT,KENTVILLE CDA,71671,8202810,45.067305,-64.477603,48.700,MSC,CA,AUTO,Nova Scotia
CXLB,LUNENBURG,,8203210,44.360000,-64.296100,3.800,MSC,CA,AUTO,Nova Scotia
CXLL,LINDBURG LANDING,71682,220N003,61.124730,-122.852741,184.000,MSC,CA,AUTO,Northwest Territories
CXLT,LATERRIRE,71040,7064181,48.307200,-71.129200,161.800,MSC,CA,AUTO,Quebec
CXMD,MORDEN CDA CS,71564,5021849,49.187600,-98.083900,299.000,MSC,CA,AUTO,Manitoba
CXMG,MANNING AGDM,71229,3074190,56.973889,-117.450834,457.000,GovAB,CA,AUTO,Alberta
CXMI,MCNABS ISLAND (AUT),,8203478,44.613000,-63.535000,12.500,MSC,CA,AUTO,Nova Scotia
CXMM,FORT MCMURRAY CS,71585,3062696,56.651100,-111.213300,369.800,MSC,CA,AUTO,Alberta
CXMN,MASINASIN AGDM,71345,3044232,49.136679,-111.651690,947.900,GovAB,CA,AUTO,Alberta
CXMO,MORRIN AGDM,71257,3024668,51.660278,-112.675000,836.000,GovAB,CA,AUTO,Alberta
CXMP,MAPLE PLAINS,,8305500,46.302800,-63.575600,45.700,MSC,CA,AUTO,Prince Edward Island
CXMW,MEDICINE HAT RCS,71026,3034485,50.025100,-110.717300,717.400,MSC,CA,AUTO,Alberta
CXMY,MALAY FALLS,71606,8203405,44.986936,-62.483295,39.600,MSC,CA,AUTO,Nova Scotia
CXND,NORDEGG CS,71060,3054843,52.470800,-116.077200,1333.000,MSC,CA,AUTO,Alberta
CXNM,NORTH MOUNTAIN,71604,8204161,46.817710,-60.671614,453.000,MSC,CA,AUTO,Nova Scotia
CXNP,NAPPAN AUTO,71311,8203702,45.759600,-64.241400,19.800,MSC,CA,AUTO,Nova Scotia
CXOA,OTTAWA CDA RCS,71063,6105978,45.382400,-75.714020,79.200,MSC,CA,AUTO,Ontario
CXOL,OLDS AGDM,71258,3024925,51.758611,-114.084722,1046.000,GovAB,CA,AUTO,Alberta
CXOX,LA RONGE RCS,71586,4064149,55.146400,-105.270300,378.600,MSC,CA,AUTO,Saskatchewan
CXOY,OYEN AGDM,71342,3024965,51.383333,-110.350000,766.670,GovAB,CA,AUTO,Alberta
CXPA,PEORIA AGDM,71348,3075160,55.621113,-118.293056,621.210,GovAB,CA,AUTO,Alberta
CXPC,PARRY SOUND CCG,71172,6116257,45.344000,-80.042000,176.300,MSC,CA,AUTO,Ontario
CXPL,POLLOCKVILLE AGDM,71259,3025243,51.125278,-111.705278,750.000,GovAB,CA,AUTO,Alberta
CXPS,EDMONTON STONY PLAIN CS,71127,301A001,53.547500,-114.108300,760.000,MSC,CA,AUTO,Alberta
CXPT,POINT PELEE CS,71303,613P001,41.949000,-82.519000,173.000,MSC,CA,AUTO,Ontario
CXQH,WATSON LAKE (AUT),71199,2101204,60.117800,-128.821900,689.500,MSC,CA,AUTO,Yukon
CXRB,RESOLUTE CS,71018,2403505,74.706277,-94.967778,50.268,MSC,CA,AUTO,Nunavut
CXRG,RIDGETOWN RCS,71307,6137154,42.453666,-81.886500,240.000,MSC,CA,AUTO,Ontario
CXRH,ROCKY HARBOUR,71588,8403097,49.571600,-57.876400,67.700,MSC,CA,AUTO,Newfoundland and Labrador
CXRL,RICH LAKE AGDM,71349,3065475,54.500000,-111.700000,585.000,GovAB,CA,AUTO,Alberta
CXSC,SCHULER AGDM,71269,3025768,50.306944,-110.090556,800.000,GovAB,CA,AUTO,Alberta
CXSE,STEFANSSON ISLAND,71017,2403756,73.765700,-105.295600,12.300,MSC,CA,AUTO,Nunavut
CXSH,SHAWINIGAN,71370,7018001,46.563500,-72.733300,110.000,MSC,CA,AUTO,Quebec
CXSL,SMOKY LAKE AGDM,71274,3016022,54.277500,-112.499167,680.000,GovAB,CA,AUTO,Alberta
CXSP,ST. PAUL AGCM,71275,3015676,54.011111,-111.271944,649.000,GovAB,CA,AUTO,Alberta
CXTD,TRACADIE,71308,8205895,45.608400,-61.679700,68.200,MSC,CA,AUTO,Nova Scotia
CXTH,TWO HILLS AGDM,71276,3016655,53.625278,-111.678333,678.000,GovAB,CA,AUTO,Alberta
CXTL,TATLAYOKO LAKE RCS,71028,1088015,51.674600,-124.403100,875.000,MSC,CA,AUTO,British Columbia
CXTN,TUKTUT NOGAIT,71492,2203918,69.198900,-122.359200,551.600,MSC,CA,AUTO,Northwest Territories
CXTO,TORONTO CITY,71508,6158355,43.665000,-79.395000,116.500,MSC,CA,AUTO,Ontario
CXTP,TERRA NOVA NAT PARK CS,71589,8403851,48.556900,-53.974400,107.000,MSC,CA,AUTO,Newfoundland and Labrador
CXTV,TRAIL VALLEY,71683,220N005,68.746300,-133.501800,86.200,MSC,CA,AUTO,Northwest Territories
CXUX,HALL BEACH CLIMATE,71320,2402353,68.776100,-81.243600,8.200,MSC,CA,AUTO,Nunavut
CXVG,VIOLET GROVE CS,71062,3016860,53.143600,-115.126400,904.800,MSC,CA,AUTO,Alberta
CXVM,VERMILION AGDM,71278,3016802,53.343806,-110.881861,623.000,GovAB,CA,AUTO,Alberta
CXVN,VINELAND STATION RCS,71171,6139148,43.181000,-79.325000,85.200,MSC,CA,AUTO,Ontario
CXVW,VALLEYVIEW AGDM,71277,3076680,55.098056,-117.199167,698.000,GovAB,CA,AUTO,Alberta
CXWB,WAGER BAY (AUT),71049,2403945,65.879200,-89.445800,19.500,MSC,CA,AUTO,Nunavut
CXWF,WARFIELD RCS,71401,1148705,49.111900,-117.738900,566.900,MSC,CA,AUTO,British Columbia
CXWG,WINNIPEG 'A' CS,71849,502S001,49.915922,-97.249197,238.700,MSC,CA,AUTO,Manitoba
CXWM,WRENTHAM AGDM,71343,3037675,49.500000,-112.116667,943.940,GovAB,CA,AUTO,Alberta
CXWN,WINNIPEG THE FORKS,71579,5023262,49.888300,-97.129400,231.300,MSC,CA,AUTO,Manitoba
CXYH,YOHIN,71020,2204300,61.241900,-123.741700,205.100,MSC,CA,AUTO,Northwest Territories
CXZC,MOOSONEE RCS,71309,6075435,51.290444,-80.617031,10.700,MSC,CA,AUTO,Ontario
CXZV,SEPT-ILES,71279,7047914,50.218000,-66.241400,52.600,MSC,CA,AUTO,Quebec
CYAB,CYAB,,2400399,73.006390,-85.047320,21.900,NAV CANADA,NC-AWOS,AUTO,Nunavut
CYAB,CYAB,,2400401,73.006390,-85.047320,21.900,NAV CANADA,NC-HWOS,MAN,Nunavut
CYAH,CYAH,71003,7093714,53.754720,-73.675280,306.300,NAV CANADA,NC-AWOS,AUTO,Quebec
CYAM,CYAM,71260,6057591,46.485060,-84.509610,192.000,NAV CANADA,NC-HWOS,MAN,Ontario
CYAS,CYAS,,7113384,60.027220,-69.999170,123.800,NAV CANADA,NC-AWOS,AUTO,Quebec
CYAS,CYAS,,7113383,60.027220,-69.999170,123.800,NAV CANADA,NC-HWOS,MAN,Quebec
CYAT,CYAT,71653,6010400,52.927590,-82.431980,9.100,NAV CANADA,NC-AWOS,AUTO,Ontario
CYAW,Shearwater,,8205090,44.630000,-63.500000,44.000,,,MAN,Nova Scotia
CYAY,CYAY,71819,8403389,51.391950,-56.083060,32.900,NAV CANADA,NC-AWOS,AUTO,Newfoundland and Labrador
CYAZ,CYAZ,71106,1038210,49.082120,-125.772400,24.500,NAV CANADA,NC-AWOS,AUTO,British Columbia
CYAZ,CYAZ,71106,1038204,49.082120,-125.772400,24.500,NAV CANADA,NC-HWOS,MAN,British Columbia
CYBB,CYBB,,2303095,68.535910,-89.805400,15.500,NAV CANADA,NC-AWOS,AUTO,Nunavut
CYBB,CYBB,,2303091,68.535910,-89.805400,15.500,NAV CANADA,NC-HWOS,MAN,Nunavut
CYBC,CYBC,71691,7040444,49.132500,-68.204350,21.600,NAV CANADA,NC-AWOS,AUTO,Quebec
CYBD,CYBD,,1060848,52.387630,-126.595770,35.700,NAV CANADA,NC-AWOS,AUTO,British Columbia
CYBD,CYBD,,1060845,52.387630,-126.595770,35.700,NAV CANADA,NC-HWOS,MAN,British Columbia
CYBG,Bagotville,71727,7060400,48.330000,-71.000000,159.000,,,MAN,Quebec
CYBK,CYBK,71926,2300504,64.298810,-96.077650,18.600,NAV CANADA,NC-AWOS,AUTO,Nunavut
CYBK,CYBK,71926,2300503,64.298810,-96.077650,18.600,NAV CANADA,NC-HWOS,MAN,Nunavut
CYBL,CYBL,,1021270,49.952040,-125.273050,108.800,NAV CANADA,NC-AWOS,AUTO,British Columbia
CYBL,CYBL,,1021267,49.952040,-125.273050,108.800,NAV CANADA,NC-HWOS,MAN,British Columbia
CYBN,BORDEN AWOS,71534,611B002,44.271667,-79.912500,222.200,DND,RA,AUTO,Ontario
CYBQ,CYBQ,71272,5062835,58.706110,-98.512220,281.300,NAV CANADA,NC-AWOS,AUTO,Manitoba
CYBR,CYBR,71140,5010481,49.910000,-99.952230,409.300,NAV CANADA,NC-HWOS,MAN,Manitoba
CYBU,CYBU,71130,4075525,53.332730,-104.008800,371.900,NAV CANADA,NC-AWOS,AUTO,Saskatchewan
CYBV,CYBV,,5030204,52.358890,-97.017940,222.200,NAV CANADA,NC-AWOS,AUTO,Manitoba
CYBV,CYBV,,5030201,52.358890,-97.017940,222.200,NAV CANADA,NC-HWOS,MAN,Manitoba
CYBW,CYBW,,3031109,51.105320,-114.371490,1200.900,NAV CANADA,NC-AWOS,AUTO,Alberta
CYBX,CYBX,71808,7040816,51.443610,-57.185280,37.200,NAV CANADA,NC-AWOS,AUTO,Quebec
CYBX,CYBX,71808,7040815,51.443610,-57.185280,37.200,NAV CANADA,NC-HWOS,MAN,Quebec
CYCA,CYCA,71818,8501106,53.669170,-57.047220,17.000,NAV CANADA,NC-AWOS,AUTO,Newfoundland and Labrador
CYCB,CYCB,71925,2400603,69.107920,-105.137120,31.100,NAV CANADA,NC-AWOS,AUTO,Nunavut
CYCB,CYCB,71925,2400601,69.107920,-105.137120,31.100,NAV CANADA,NC-HWOS,MAN,Nunavut
CYCD,CYCD,,1025365,49.054550,-123.870120,28.000,NAV CANADA,NC-AWOS,AUTO,British Columbia
CYCD,CYCD,,1025369,49.054550,-123.870120,28.000,NAV CANADA,NC-HWOS,MAN,British Columbia
CYCG,CYCG,,1141460,49.296230,-117.632510,495.600,NAV CANADA,NC-AWOS,AUTO,British Columbia
CYCG,CYCG,,1141456,49.296230,-117.632510,495.600,NAV CANADA,NC-HWOS,MAN,British Columbia
CYCK,CYCK,,6131414,42.305830,-82.082500,196.600,NAV CANADA,NC-AWOS,AUTO,Ontario
CYCO,CYCO,71938,2300905,67.816700,-115.143910,22.600,NAV CANADA,NC-AWOS,AUTO,Nunavut
CYCO,CYCO,71938,2300903,67.816700,-115.143910,22.600,NAV CANADA,NC-HWOS,MAN,Nunavut
CYCP,CYCP,,1160902,52.116920,-119.284530,690.400,NAV CANADA,NC-AWOS,AUTO,British Columbia
CYCP,CYCP,,1160898,52.116920,-119.284530,690.400,NAV CANADA,NC-HWOS,MAN,British Columbia
CYCQ,CYCQ,,1181513,55.687220,-121.626650,609.600,NAV CANADA,NC-AWOS,AUTO,British Columbia
CYCQ,CYCQ,,1181507,55.687220,-121.626650,609.600,NAV CANADA,NC-HWOS,MAN,British Columbia
CYCS,CYCS,,2300710,63.347110,-90.731160,9.800,NAV CANADA,NC-AWOS,AUTO,Nunavut
CYCS,CYCS,,2300701,63.347110,-90.731160,9.800,NAV CANADA,NC-HWOS,MAN,Nunavut
CYCX,GAGETOWN AWOS A,71701,8101794,45.839000,-66.450000,50.600,DND,RA,AUTO,New Brunswick
CYCY,CYCY,71090,2400803,70.485920,-68.516940,26.500,NAV CANADA,NC-HWOS,MAN,Nunavut
CYDA,CYDA,,2100407,64.042110,-139.130310,370.300,NAV CANADA,NC-AWOS,AUTO,Yukon
CYDA,CYDA,,2100401,64.042110,-139.130310,370.300,NAV CANADA,NC-HWOS,MAN,Yukon
CYDB,CYDB,71001,2100181,61.370660,-139.039950,806.200,NAV CANADA,NC-AWOS,AUTO,Yukon
CYDC,CYDC,,1126518,49.467890,-120.512470,701.700,NAV CANADA,NC-AWOS,AUTO,British Columbia
CYDC,CYDC,,1126511,49.467890,-120.512470,701.700,NAV CANADA,NC-HWOS,MAN,British Columbia
CYDF,CYDF,71809,8401502,49.209170,-57.394440,21.900,NAV CANADA,NC-HWOS,MAN,Newfoundland and Labrador
CYDL,CYDL,71686,1192341,58.422310,-130.031510,802.800,NAV CANADA,NC-AWOS,AUTO,British Columbia
CYDN,CYDN,71036,5040689,51.100830,-100.052500,304.500,NAV CANADA,NC-AWOS,AUTO,Manitoba
CYDP,CYDP,71902,8502810,56.550560,-61.682220,6.700,NAV CANADA,NC-AWOS,AUTO,Newfoundland and Labrador
CYDP,CYDP,71902,8502801,56.550560,-61.682220,6.700,NAV CANADA,NC-HWOS,MAN,Newfoundland and Labrador
CYDQ,CYDQ,71471,1182289,55.742260,-120.183060,654.700,NAV CANADA,NC-AWOS,AUTO,British Columbia
CYED,EDMONTON NAMAO AWOS A,71121,3012212,53.667000,-113.467000,687.930,DND,RA,AUTO,Alberta
CYED,Edmonton Namao,71121,3012210,53.670000,-113.480000,688.000,,,MAN,Alberta
CYEG,CYEG,71123,3012216,53.309880,-113.579500,723.300,NAV CANADA,NC-HWOS,MAN,Alberta
CYEK,CYEK,71174,2300427,61.093970,-94.071590,10.400,NAV CANADA,NC-AWOS,AUTO,Nunavut
CYEK,CYEK,71174,2300428,61.093970,-94.071590,10.400,NAV CANADA,NC-HWOS,MAN,Nunavut
CYEN,CYEN,71862,4012403,49.210310,-102.965740,580.300,NAV CANADA,NC-AWOS,AUTO,Saskatchewan
CYER,CYER,71099,6012501,56.018970,-87.676210,15.800,NAV CANADA,NC-AWOS,AUTO,Ontario
CYET,CYET,71167,3062239,53.578890,-116.465000,926.900,NAV CANADA,NC-AWOS,AUTO,Alberta
CYEV,CYEV,,2202571,68.303780,-133.483120,67.700,NAV CANADA,NC-HWOS,MAN,Northwest Territories
CYFB,CYFB,,2402596,63.756570,-68.556110,33.500,NAV CANADA,NC-HWOS,MAN,Nunavut
CYFC,CYFC,71700,8101505,45.868890,-66.537220,20.400,NAV CANADA,NC-AWOS,AUTO,New Brunswick
CYFO,CYFO,,5050973,54.678070,-101.681890,304.200,NAV CANADA,NC-AWOS,AUTO,Manitoba
CYFO,CYFO,,5050961,54.678070,-101.681890,304.200,NAV CANADA,NC-HWOS,MAN,Manitoba
CYFR,CYFR,,2202010,61.180810,-113.689650,160.300,NAV CANADA,NC-AWOS,AUTO,Northwest Territories
CYFS,CYFS,71946,2202104,61.760250,-121.238010,169.200,NAV CANADA,NC-AWOS,AUTO,Northwest Territories
CYFS,CYFS,71946,2202103,61.760250,-121.238010,169.200,NAV CANADA,NC-HWOS,MAN,Northwest Territories
CYFT,CYFT,,8502580,55.077220,-59.187500,70.400,NAV CANADA,NC-AWOS,AUTO,Newfoundland and Labrador
CYFT,CYFT,,8502588,55.077220,-59.187500,70.400,NAV CANADA,NC-HWOS,MAN,Newfoundland and Labrador
CYGE,CYGE,,1173214,51.299170,-116.982500,784.900,NAV CANADA,NC-AWOS,AUTO,British Columbia
CYGE,CYGE,,1173209,51.299170,-116.982500,784.900,NAV CANADA,NC-HWOS,MAN,British Columbia
CYGH,CYGH,,2201406,66.240630,-128.647600,81.400,NAV CANADA,NC-AWOS,AUTO,Northwest Territories
CYGH,CYGH,,2201401,66.240630,-128.647600,81.400,NAV CANADA,NC-HWOS,MAN,Northwest Territories
CYGK,CYGK,,6104152,44.225870,-76.596600,92.400,NAV CANADA,NC-AWOS,AUTO,Ontario
CYGK,CYGK,,6104149,44.225870,-76.596600,92.400,NAV CANADA,NC-HWOS,MAN,Ontario
CYGL,CYGL,71827,7093716,53.625280,-77.704170,194.800,NAV CANADA,NC-HWOS,MAN,Quebec
CYGP,CYGP,71188,7052602,48.775280,-64.479720,34.100,NAV CANADA,NC-AWOS,AUTO,Quebec
CYGP,CYGP,71188,7052601,48.775280,-64.479720,34.100,NAV CANADA,NC-HWOS,MAN,Quebec
CYGQ,CYGQ,71834,6042718,49.778690,-86.938550,348.400,NAV CANADA,NC-AWOS,AUTO,Ontario
CYGQ,CYGQ,71834,6042717,49.778690,-86.938550,348.400,NAV CANADA,NC-HWOS,MAN,Ontario
CYGR,CYGR,71709,7053254,47.425070,-61.777340,10.700,NAV CANADA,NC-AWOS,AUTO,Quebec
CYGR,CYGR,71709,7053250,47.425070,-61.777340,10.700,NAV CANADA,NC-HWOS,MAN,Quebec
CYGT,CYGT,,2402546,69.364660,-81.816480,52.700,NAV CANADA,NC-AWOS,AUTO,Nunavut
CYGT,CYGT,,2402541,69.364660,-81.816480,52.700,NAV CANADA,NC-HWOS,MAN,Nunavut
CYGV,CYGV,71584,7043019,50.281940,-63.611390,37.800,NAV CANADA,NC-AWOS,AUTO,Quebec
CYGW,CYGW,,7103537,55.281940,-77.765280,12.200,NAV CANADA,NC-AWOS,AUTO,Quebec
CYGX,CYGX,71912,5061025,56.357720,-94.710700,145.100,NAV CANADA,NC-AWOS,AUTO,Manitoba
CYGX,CYGX,71912,5061022,56.357720,-94.710700,145.100,NAV CANADA,NC-HWOS,MAN,Manitoba
CYHA,CYHA,,7116273,61.046390,-69.617770,32.300,NAV CANADA,NC-AWOS,AUTO,Quebec
CYHA,CYHA,,7116271,61.046390,-69.617770,32.300,NAV CANADA,NC-HWOS,MAN,Quebec
CYHD,CYHD,71527,6032125,49.831670,-92.744160,412.700,NAV CANADA,NC-AWOS,AUTO,Ontario
CYHE,CYHE,71187,1113542,49.368330,-121.498060,39.000,NAV CANADA,NC-AWOS,AUTO,British Columbia
CYHI,CYHI,,2502503,70.762830,-117.806000,36.000,NAV CANADA,NC-AWOS,AUTO,Northwest Territories
CYHI,CYHI,,2502502,70.762830,-117.806000,36.000,NAV CANADA,NC-HWOS,MAN,Northwest Territories
CYHK,CYHK,71597,2302337,68.635560,-95.850280,46.900,NAV CANADA,NC-AWOS,AUTO,Nunavut
CYHK,CYHK,71597,2302336,68.635560,-95.850280,46.900,NAV CANADA,NC-HWOS,MAN,Nunavut
CYHM,CYHM,71263,6153193,43.173660,-79.935080,237.700,NAV CANADA,NC-HWOS,MAN,Ontario
CYHU,CYHU,71371,7027329,45.518060,-73.416990,27.400,NAV CANADA,NC-AWOS,AUTO,Quebec
CYHY,CYHY,71935,2202403,60.839780,-115.782800,164.900,NAV CANADA,NC-AWOS,AUTO,Northwest Territories
CYHY,CYHY,71935,2202401,60.839780,-115.782800,164.900,NAV CANADA,NC-HWOS,MAN,Northwest Territories
CYHZ,CYHZ,71395,8202249,44.881190,-63.508710,145.400,NAV CANADA,NC-AWOS,AUTO,Nova Scotia
CYHZ,CYHZ,71395,8202251,44.881190,-63.508710,145.400,NAV CANADA,NC-HWOS,MAN,Nova Scotia
CYIK,CYIK,,7103329,62.417220,-77.925280,38.700,NAV CANADA,NC-AWOS,AUTO,Quebec
CYIK,CYIK,,7103328,62.417220,-77.925280,38.700,NAV CANADA,NC-HWOS,MAN,Quebec
CYIN,CYIN,71717,1161662,51.250000,-121.683330,1126.200,NAV CANADA,NC-AWOS,AUTO,British Columbia
CYIO,CYIO,71095,2403206,72.689510,-77.968930,61.600,NAV CANADA,NC-AWOS,AUTO,Nunavut
CYIV,CYIV,71145,5061374,53.857130,-94.653670,235.600,NAV CANADA,NC-AWOS,AUTO,Manitoba
CYIV,CYIV,71145,5061375,53.857130,-94.653670,235.600,NAV CANADA,NC-HWOS,MAN,Manitoba
CYJF,CYJF,,2201581,60.235560,-123.470000,215.800,NAV CANADA,NC-AWOS,AUTO,Northwest Territories
CYJT,CYJT,71815,8403801,48.541450,-58.549910,24.700,NAV CANADA,NC-HWOS,MAN,Newfoundland and Labrador
CYKA,CYKA,71887,1163781,50.702510,-120.448610,345.300,NAV CANADA,NC-HWOS,MAN,British Columbia
CYKD,CYKD,,2200105,68.223400,-135.005780,6.400,NAV CANADA,NC-AWOS,AUTO,Northwest Territories
CYKD,CYKD,,2200101,68.223400,-135.005780,6.400,NAV CANADA,NC-HWOS,MAN,Northwest Territories
CYKF,CYKF,71368,6144239,43.460770,-80.378720,321.500,NAV CANADA,NC-AWOS,AUTO,Ontario
CYKG,CYKG,,7113380,61.588610,-71.929440,157.600,NAV CANADA,NC-AWOS,AUTO,Quebec
CYKG,CYKG,,7113379,61.588610,-71.929440,157.600,NAV CANADA,NC-HWOS,MAN,Quebec
CYKJ,CYKJ,71499,4063757,57.256390,-105.617500,511.800,NAV CANADA,NC-AWOS,AUTO,Saskatchewan
CYKL,CYKL,71921,7117823,54.805280,-66.805270,520.900,NAV CANADA,NC-AWOS,AUTO,Quebec
CYKO,CYKO,,7100072,60.818610,-78.148610,23.200,NAV CANADA,NC-AWOS,AUTO,Quebec
CYKO,CYKO,,7100071,60.818610,-78.148610,23.200,NAV CANADA,NC-HWOS,MAN,Quebec
CYKP,CYKP,71652,6075786,51.658110,-85.901110,181.100,NAV CANADA,NC-AWOS,AUTO,Ontario
CYKQ,CYKQ,,7098898,51.473320,-78.758390,24.100,NAV CANADA,NC-AWOS,AUTO,Quebec
CYKQ,CYKQ,,7098896,51.473320,-78.758390,24.100,NAV CANADA,NC-HWOS,MAN,Quebec
CYKY,CYKY,71129,4043899,51.515150,-109.180560,693.700,NAV CANADA,NC-AWOS,AUTO,Saskatchewan
CYKY,CYKY,71129,4043901,51.515150,-109.180560,693.700,NAV CANADA,NC-HWOS,MAN,Saskatchewan
CYKZ,CYKZ,71639,6158409,43.860800,-79.368600,198.100,NAV CANADA,NC-AWOS,AUTO,Ontario
CYLA,CYLA,,7110601,59.296670,-69.599720,36.900,NAV CANADA,NC-AWOS,AUTO,Quebec
CYLC,CYLC,,2402673,62.848060,-69.877190,51.500,NAV CANADA,NC-AWOS,AUTO,Nunavut
CYLD,CYLD,71642,6061365,47.820180,-83.346890,448.100,NAV CANADA,NC-AWOS,AUTO,Ontario
CYLD,CYLD,71642,6061362,47.820180,-83.346890,448.100,NAV CANADA,NC-HWOS,MAN,Ontario
CYLH,CYLH,,6014351,52.195420,-87.934080,254.200,NAV CANADA,NC-AWOS,AUTO,Ontario
CYLJ,CYLJ,71125,4065063,54.125390,-108.522900,480.700,NAV CANADA,NC-AWOS,AUTO,Saskatchewan
CYLJ,CYLJ,71125,4065057,54.125390,-108.522900,480.700,NAV CANADA,NC-HWOS,MAN,Saskatchewan
CYLK,CYLK,,2202690,62.418190,-110.682240,178.600,NAV CANADA,NC-AWOS,AUTO,Northwest Territories
CYLK,CYLK,,2202687,62.418190,-110.682240,178.600,NAV CANADA,NC-HWOS,MAN,Northwest Territories
CYLL,CYLL,71871,3013959,53.310580,-110.074160,668.700,NAV CANADA,NC-AWOS,AUTO,Alberta
CYLL,CYLL,71871,3013958,53.310580,-110.074160,668.700,NAV CANADA,NC-HWOS,MAN,Alberta
CYLT,Alert,,2400302,82.520000,-62.280000,31.000,,,MAN,Nunavut
CYLU,CYLU,,7113391,58.711390,-65.992770,66.100,NAV CANADA,NC-AWOS,AUTO,Quebec
CYLU,CYLU,,7113390,58.711390,-65.992770,66.100,NAV CANADA,NC-HWOS,MAN,Quebec
CYLW,CYLW,71203,1123939,49.957220,-119.377780,429.400,NAV CANADA,NC-AWOS,AUTO,British Columbia
CYMA,CYMA,71965,2100702,63.616390,-135.868330,503.800,NAV CANADA,NC-AWOS,AUTO,Yukon
CYMA,CYMA,71965,2100701,63.616390,-135.868330,503.800,NAV CANADA,NC-HWOS,MAN,Yukon
CYMH,CYMH,71339,8502592,52.302820,-55.847840,10.700,NAV CANADA,NC-AWOS,AUTO,Newfoundland and Labrador
CYMJ,Moose Jaw,,4015320,50.330000,-105.570000,577.000,,,MAN,Saskatchewan
CYMM,CYMM,71689,3062697,56.653200,-111.223330,369.100,NAV CANADA,NC-AWOS,AUTO,Alberta
CYMO,CYMO,71398,6075420,51.292030,-80.608340,9.100,NAV CANADA,NC-AWOS,AUTO,Ontario
CYMT,CYMT,71822,7091409,49.771860,-74.527970,387.100,NAV CANADA,NC-AWOS,AUTO,Quebec
CYMU,CYMU,,7108564,56.536110,-76.518330,76.500,NAV CANADA,NC-AWOS,AUTO,Quebec
CYMU,CYMU,,7108566,56.536110,-76.518330,76.500,NAV CANADA,NC-HWOS,MAN,Quebec
CYMX,CYMX,,7034900,45.680420,-74.038710,82.300,NAV CANADA,NC-HWOS,MAN,Quebec
CYNA,CYNA,71513,7045398,50.190000,-61.788890,11.900,NAV CANADA,NC-AWOS,AUTO,Quebec
CYNC,CYNC,,7098908,53.010560,-78.831110,20.100,NAV CANADA,NC-AWOS,AUTO,Quebec
CYND,CYND,,7032685,45.521670,-75.563610,64.300,NAV CANADA,NC-AWOS,AUTO,Quebec
CYND,CYND,,7032682,45.521670,-75.563610,64.300,NAV CANADA,NC-HWOS,MAN,Quebec
CYNE,CYNE,71410,5062040,53.958290,-97.844160,223.700,NAV CANADA,NC-AWOS,AUTO,Manitoba
CYNM,CYNM,71947,7094636,49.761670,-77.802780,279.800,NAV CANADA,NC-AWOS,AUTO,Quebec
CYOC,CYOC,,2100807,67.570080,-139.839890,250.200,NAV CANADA,NC-AWOS,AUTO,Yukon
CYOC,CYOC,,2100801,67.570080,-139.839890,250.200,NAV CANADA,NC-HWOS,MAN,Yukon
CYOD,Cold Lake,71120,3081680,54.410000,-110.280000,541.000,,,MAN,Alberta
CYOJ,CYOJ,71066,3073140,58.621580,-117.164670,338.000,NAV CANADA,NC-AWOS,AUTO,Alberta
CYOJ,CYOJ,71066,3073141,58.621580,-117.164670,338.000,NAV CANADA,NC-HWOS,MAN,Alberta
CYOO,CYOO,71697,6155875,43.922830,-78.896740,139.900,NAV CANADA,NC-AWOS,AUTO,Ontario
CYOW,CYOW,71628,6106001,45.322500,-75.667270,114.900,NAV CANADA,NC-HWOS,MAN,Ontario
CYOY,VALCARTIER A,71716,7018573,46.900000,-71.503000,167.600,DND,RA,AUTO,Quebec
CYPA,CYPA,71869,4056241,53.214620,-105.673490,428.200,NAV CANADA,NC-HWOS,MAN,Saskatchewan
CYPC,CYPC,,2203055,69.360660,-124.075710,4.600,NAV CANADA,NC-AWOS,AUTO,Northwest Territories
CYPC,CYPC,,2203056,69.360660,-124.075710,4.600,NAV CANADA,NC-HWOS,MAN,Northwest Territories
CYPD,CYPD,71041,8204495,45.656670,-61.368060,114.900,NAV CANADA,NC-AWOS,AUTO,Nova Scotia
CYPE,CYPE,71068,3075041,56.227290,-117.447080,570.600,NAV CANADA,NC-HWOS,MAN,Alberta
CYPG,Portage Southport,,5012320,49.900000,-98.270000,270.000,,,MAN,Manitoba
CYPH,CYPH,71306,7103280,58.471940,-78.076940,25.000,NAV CANADA,NC-AWOS,AUTO,Quebec
CYPL,CYPL,71845,6016528,51.446390,-90.214170,386.200,NAV CANADA,NC-AWOS,AUTO,Ontario
CYPO,CYPO,,6016298,54.988060,-85.443340,52.700,NAV CANADA,NC-AWOS,AUTO,Ontario
CYPQ,CYPQ,71436,6166415,44.230540,-78.363200,191.400,NAV CANADA,NC-AWOS,AUTO,Ontario
CYPR,CYPR,71022,1066482,54.285890,-130.444670,35.400,NAV CANADA,NC-AWOS,AUTO,British Columbia
CYPW,CYPW,,1046396,49.834080,-124.500340,129.500,NAV CANADA,NC-AWOS,AUTO,British Columbia
CYPW,CYPW,,1046395,49.834080,-124.500340,129.500,NAV CANADA,NC-HWOS,MAN,British Columbia
CYPX,CYPX,,7106223,60.052110,-77.287610,25.300,NAV CANADA,NC-AWOS,AUTO,Quebec
CYPY,CYPY,71305,3072655,58.767220,-111.117230,232.000,NAV CANADA,NC-AWOS,AUTO,Alberta
CYQA,CYQA,71532,6115529,44.974720,-79.303330,281.900,NAV CANADA,NC-AWOS,AUTO,Ontario
CYQB,CYQB,,7016293,46.791200,-71.393310,74.400,NAV CANADA,NC-HWOS,MAN,Quebec
CYQD,CYQD,71867,5052882,53.971290,-101.091050,270.900,NAV CANADA,NC-AWOS,AUTO,Manitoba
CYQF,CYQF,71878,3025481,52.182290,-113.894480,904.600,NAV CANADA,NC-HWOS,MAN,Alberta
CYQG,CYQG,71538,6139530,42.275560,-82.955560,189.600,NAV CANADA,NC-AWOS,AUTO,Ontario
CYQH,CYQH,,2101202,60.116440,-128.822420,687.400,NAV CANADA,NC-AWOS,AUTO,Yukon
CYQH,CYQH,,2101201,60.116440,-128.822420,687.400,NAV CANADA,NC-HWOS,MAN,Yukon
CYQI,CYQI,71603,8206496,43.832500,-66.086110,36.600,NAV CANADA,NC-AWOS,AUTO,Nova Scotia
CYQI,CYQI,71603,8206495,43.832500,-66.086110,36.600,NAV CANADA,NC-HWOS,MAN,Nova Scotia
CYQK,CYQK,71850,6034076,49.788330,-94.363110,409.700,NAV CANADA,NC-HWOS,MAN,Ontario
CYQL,CYQL,71267,3033875,49.630280,-112.799720,929.000,NAV CANADA,NC-AWOS,AUTO,Alberta
CYQL,CYQL,71267,3033881,49.630280,-112.799720,929.000,NAV CANADA,NC-HWOS,MAN,Alberta
CYQM,CYQM,71705,8103202,46.112210,-64.678580,70.700,NAV CANADA,NC-AWOS,AUTO,New Brunswick
CYQM,CYQM,71705,8103201,46.112210,-64.678580,70.700,NAV CANADA,NC-HWOS,MAN,New Brunswick
CYQQ,Comox,,1021830,49.710000,-124.890000,26.000,,,MAN,British Columbia
CYQR,CYQR,,4016566,50.432190,-104.666050,577.600,NAV CANADA,NC-HWOS,MAN,Saskatchewan
CYQT,CYQT,71072,6048262,48.372000,-89.321700,199.300,NAV CANADA,NC-HWOS,MAN,Ontario
CYQU,CYQU,71940,3072921,55.179970,-118.884690,669.000,NAV CANADA,NC-HWOS,MAN,Alberta
CYQV,CYQV,71292,4019075,51.264810,-102.461320,498.300,NAV CANADA,NC-AWOS,AUTO,Saskatchewan
CYQW,CYQW,71876,4045695,52.769250,-108.243720,548.500,NAV CANADA,NC-AWOS,AUTO,Saskatchewan
CYQX,CYQX,71803,8401703,48.937020,-54.568130,151.200,NAV CANADA,NC-HWOS,MAN,Newfoundland and Labrador
CYQY,CYQY,71707,8205703,46.161390,-60.048060,61.900,NAV CANADA,NC-AWOS,AUTO,Nova Scotia
CYQY,CYQY,71707,8205701,46.161390,-60.048060,61.900,NAV CANADA,NC-HWOS,MAN,Nova Scotia
CYQZ,CYQZ,71192,1096629,53.026080,-122.510370,545.000,NAV CANADA,NC-AWOS,AUTO,British Columbia
CYRA,CYRA,,2203365,64.116120,-117.309720,220.400,NAV CANADA,NC-AWOS,AUTO,Northwest Territories
CYRA,CYRA,,2203362,64.116120,-117.309720,220.400,NAV CANADA,NC-HWOS,MAN,Northwest Territories
CYRB,CYRB,71924,2403497,74.716910,-94.969340,67.700,NAV CANADA,NC-AWOS,AUTO,Nunavut
CYRB,CYRB,71924,2403498,74.716910,-94.969340,67.700,NAV CANADA,NC-HWOS,MAN,Nunavut
CYRJ,CYRJ,71728,7066687,48.520000,-72.265560,178.600,NAV CANADA,NC-AWOS,AUTO,Quebec
CYRJ,CYRJ,71728,7066686,48.520000,-72.265560,178.600,NAV CANADA,NC-HWOS,MAN,Quebec
CYRL,CYRL,71854,6016971,51.067090,-93.793050,385.900,NAV CANADA,NC-AWOS,AUTO,Ontario
CYRL,CYRL,71854,6016970,51.067090,-93.793050,385.900,NAV CANADA,NC-HWOS,MAN,Ontario
CYRQ,CYRQ,,7018561,46.351570,-72.680460,60.700,NAV CANADA,NC-AWOS,AUTO,Quebec
CYRT,CYRT,71083,2303405,62.810660,-92.114620,32.300,NAV CANADA,NC-HWOS,MAN,Nunavut
CYRV,CYRV,71685,1176745,50.966890,-118.184470,444.700,NAV CANADA,NC-AWOS,AUTO,British Columbia
CYSB,CYSB,71730,6068153,46.625550,-80.797840,348.400,NAV CANADA,NC-HWOS,MAN,Ontario
CYSC,CYSC,71610,7028123,45.438480,-71.691350,241.400,NAV CANADA,NC-AWOS,AUTO,Quebec
CYSF,CYSF,71132,4067799,59.250280,-105.841390,249.700,NAV CANADA,NC-AWOS,AUTO,Saskatchewan
CYSJ,CYSJ,71609,8104901,45.316160,-65.890120,108.800,NAV CANADA,NC-HWOS,MAN,New Brunswick
CYSK,CYSK,,2303660,56.536900,-79.250130,33.500,NAV CANADA,NC-AWOS,AUTO,Nunavut
CYSK,CYSK,,2303666,56.536900,-79.250130,33.500,NAV CANADA,NC-HWOS,MAN,Nunavut
CYSM,CYSM,71934,2202203,60.020280,-111.961950,205.100,NAV CANADA,NC-AWOS,AUTO,Northwest Territories
CYSM,CYSM,71934,2202201,60.020280,-111.961950,205.100,NAV CANADA,NC-HWOS,MAN,Northwest Territories
CYSN,CYSN,,6137304,43.191670,-79.171670,97.800,NAV CANADA,NC-AWOS,AUTO,Ontario
CYSN,CYSN,,6137286,43.191670,-79.171670,97.800,NAV CANADA,NC-HWOS,MAN,Ontario
CYSP,CYSP,,6044967,48.755280,-86.344440,314.600,NAV CANADA,NC-AWOS,AUTO,Ontario
CYSP,CYSP,,6044963,48.755280,-86.344440,314.600,NAV CANADA,NC-HWOS,MAN,Ontario
CYSY,CYSY,,2503649,71.993650,-125.241470,86.000,NAV CANADA,NC-AWOS,AUTO,Northwest Territories
CYSY,CYSY,,2503651,71.993650,-125.241470,86.000,NAV CANADA,NC-HWOS,MAN,Northwest Territories
CYTE,CYTE,71366,2400637,64.230230,-76.524860,48.100,NAV CANADA,NC-AWOS,AUTO,Nunavut
CYTE,CYTE,71366,2400633,64.230230,-76.524860,48.100,NAV CANADA,NC-HWOS,MAN,Nunavut
CYTH,CYTH,71079,5062921,55.803330,-97.862500,224.000,NAV CANADA,NC-HWOS,MAN,Manitoba
CYTL,CYTL,71675,6010735,53.817890,-89.896920,222.500,NAV CANADA,NC-AWOS,AUTO,Ontario
CYTQ,CYTQ,,7118366,58.667780,-69.955830,36.900,NAV CANADA,NC-AWOS,AUTO,Quebec
CYTQ,CYTQ,,7118365,58.667780,-69.955830,36.900,NAV CANADA,NC-HWOS,MAN,Quebec
CYTR,TRENTON AWOS,71621,6158872,44.069444,-77.338056,86.260,DND,RA,AUTO,Ontario
CYTR,Trenton,71621,6158875,44.120000,-77.530000,86.000,,,MAN,Ontario
CYTS,CYTS,71739,6078286,48.570660,-81.376640,295.000,NAV CANADA,NC-HWOS,MAN,Ontario
CYTZ,CYTZ,71265,6158359,43.627400,-79.396200,76.800,NAV CANADA,NC-AWOS,AUTO,Ontario
CYUA,SHINGLE POINT,71968,2100950,68.950000,-137.216700,49.000,DND,DND-AWOS,AUTO,Yukon
CYUB,CYUB,,2203911,69.433240,-133.026350,4.300,NAV CANADA,NC-AWOS,AUTO,Northwest Territories
CYUB,CYUB,,2203913,69.433240,-133.026350,4.300,NAV CANADA,NC-HWOS,MAN,Northwest Territories
CYUL,CYUL,71627,7025251,45.470460,-73.740930,36.000,NAV CANADA,NC-HWOS,MAN,Quebec
CYUS,SHEPHERD BAY,71911,2303685,68.794480,-93.439930,43.000,DND,DND-AWOS,AUTO,Nunavut
CYUT,CYUT,,2403495,66.520670,-86.224740,22.900,NAV CANADA,NC-AWOS,AUTO,Nunavut
CYUT,CYUT,,2403491,66.520670,-86.224740,22.900,NAV CANADA,NC-HWOS,MAN,Nunavut
CYUX,CYUX,71293,2402354,68.775770,-81.242450,9.100,NAV CANADA,NC-AWOS,AUTO,Nunavut
CYUX,CYUX,71293,2402356,68.775770,-81.242450,9.100,NAV CANADA,NC-HWOS,MAN,Nunavut
CYUY,CYUY,,7086719,48.206190,-78.835590,301.100,NAV CANADA,NC-HWOS,MAN,Quebec
CYVC,CYVC,71922,4064155,55.151390,-105.261950,379.200,NAV CANADA,NC-HWOS,MAN,Saskatchewan
CYVL,CYVL,,2200827,67.021110,-126.128610,274.000,NAV CANADA,NC-AWOS,AUTO,Northwest Territories
CYVM,CYVM,71338,2400577,67.546560,-64.031560,5.500,NAV CANADA,NC-AWOS,AUTO,Nunavut
CYVM,CYVM,71338,2400576,67.546560,-64.031560,5.500,NAV CANADA,NC-HWOS,MAN,Nunavut
CYVO,CYVO,71941,7098605,48.053330,-77.782780,336.800,NAV CANADA,NC-AWOS,AUTO,Quebec
CYVO,CYVO,71941,7098606,48.053330,-77.782780,336.800,NAV CANADA,NC-HWOS,MAN,Quebec
CYVP,CYVP,71906,7113535,58.096110,-68.426940,39.900,NAV CANADA,NC-HWOS,MAN,Quebec
CYVQ,CYVQ,71043,2202801,65.281330,-126.798570,72.500,NAV CANADA,NC-HWOS,MAN,Northwest Territories
CYVR,CYVR,71892,1108395,49.194700,-123.183970,3.900,NAV CANADA,NC-HWOS,MAN,British Columbia
CYVT,CYVT,,4060988,55.841940,-108.417610,433.700,NAV CANADA,NC-AWOS,AUTO,Saskatchewan
CYVV,CYVV,71633,6119498,44.745830,-81.107220,222.200,NAV CANADA,NC-AWOS,AUTO,Ontario
CYVV,CYVV,71633,6119499,44.745830,-81.107220,222.200,NAV CANADA,NC-HWOS,MAN,Ontario
CYWA,PETAWAWA AWOS,71625,6106396,45.950111,-77.317572,130.150,DND,RA,AUTO,Ontario
CYWE,CYWE,,2203980,64.190760,-114.076810,368.100,NAV CANADA,NC-AWOS,AUTO,Northwest Territories
CYWG,CYWG,,5023227,49.910010,-97.240100,238.700,NAV CANADA,NC-HWOS,MAN,Manitoba
CYWH,CYWH,,1018633,48.422780,-123.387500,0.000,NAV CANADA,NC-AWOS,AUTO,British Columbia
CYWH,CYWH,,1018619,48.422780,-123.387500,0.000,NAV CANADA,NC-HWOS,MAN,British Columbia
CYWJ,CYWJ,,2201023,65.211180,-123.436520,214.300,NAV CANADA,NC-AWOS,AUTO,Northwest Territories
CYWJ,CYWJ,,2201020,65.211180,-123.436520,214.300,NAV CANADA,NC-HWOS,MAN,Northwest Territories
CYWK,CYWK,71825,8504177,52.922730,-66.864680,551.300,NAV CANADA,NC-AWOS,AUTO,Newfoundland and Labrador
CYWK,CYWK,71825,8504176,52.922730,-66.864680,551.300,NAV CANADA,NC-HWOS,MAN,Newfoundland and Labrador
CYWL,CYWL,71104,1098941,52.183410,-122.054340,939.700,NAV CANADA,NC-HWOS,MAN,British Columbia
CYWY,CYWY,,2204005,63.209600,-123.436760,149.700,NAV CANADA,NC-AWOS,AUTO,Northwest Territories
CYXC,CYXC,71880,1152105,49.612120,-115.782050,940.000,NAV CANADA,NC-HWOS,MAN,British Columbia
CYXE,CYXE,,4057152,52.170960,-106.699960,504.100,NAV CANADA,NC-HWOS,MAN,Saskatchewan
CYXH,CYXH,71247,3034479,50.018890,-110.720830,716.900,NAV CANADA,NC-AWOS,AUTO,Alberta
CYXH,CYXH,71247,3034481,50.018890,-110.720830,716.900,NAV CANADA,NC-HWOS,MAN,Alberta
CYXJ,CYXJ,71943,1183001,56.238060,-120.740280,694.900,NAV CANADA,NC-HWOS,MAN,British Columbia
CYXL,CYXL,71842,6037776,50.114120,-91.905460,383.100,NAV CANADA,NC-HWOS,MAN,Ontario
CYXN,CYXN,,2303990,62.240080,-92.597940,12.200,NAV CANADA,NC-AWOS,AUTO,Nunavut
CYXN,CYXN,,2303987,62.240080,-92.597940,12.200,NAV CANADA,NC-HWOS,MAN,Nunavut
CYXP,CYXP,,2403054,66.144880,-65.713520,24.100,NAV CANADA,NC-AWOS,AUTO,Nunavut
CYXP,CYXP,,2403051,66.144880,-65.713520,24.100,NAV CANADA,NC-HWOS,MAN,Nunavut
CYXQ,CYXQ,,2100155,62.410160,-140.868760,649.000,NAV CANADA,NC-AWOS,AUTO,Yukon
CYXR,CYXR,71684,6072223,47.695000,-79.848890,243.800,NAV CANADA,NC-AWOS,AUTO,Ontario
CYXS,CYXS,71896,1096439,53.884040,-122.677550,691.000,NAV CANADA,NC-AWOS,AUTO,British Columbia
CYXT,CYXT,71951,1068134,54.468550,-128.578380,217.300,NAV CANADA,NC-HWOS,MAN,British Columbia
CYXU,CYXU,71623,6144473,43.033050,-81.151110,278.000,NAV CANADA,NC-HWOS,MAN,Ontario
CYXX,CYXX,71108,1100032,49.025270,-122.359960,59.100,NAV CANADA,NC-AWOS,AUTO,British Columbia
CYXX,CYXX,71108,1100031,49.025270,-122.359960,59.100,NAV CANADA,NC-HWOS,MAN,British Columbia
CYXY,CYXY,71964,2101303,60.709550,-135.067280,706.200,NAV CANADA,NC-HWOS,MAN,Yukon
CYXZ,CYXZ,71738,6059413,47.966860,-84.786320,287.700,NAV CANADA,NC-AWOS,AUTO,Ontario
CYXZ,CYXZ,71738,6059407,47.966860,-84.786320,287.700,NAV CANADA,NC-HWOS,MAN,Ontario
CYYB,CYYB,71731,6085680,46.363830,-79.424230,370.300,NAV CANADA,NC-AWOS,AUTO,Ontario
CYYB,CYYB,71731,6085701,46.363830,-79.424230,370.300,NAV CANADA,NC-HWOS,MAN,Ontario
CYYC,CYYC,71877,3031092,51.122620,-114.013350,1099.100,NAV CANADA,NC-HWOS,MAN,Alberta
CYYD,CYYD,71950,1077499,54.825280,-127.182780,523.000,NAV CANADA,NC-AWOS,AUTO,British Columbia
CYYD,CYYD,71950,1077498,54.825280,-127.182780,523.000,NAV CANADA,NC-HWOS,MAN,British Columbia
CYYE,CYYE,71945,1192946,58.836400,-122.596980,381.900,NAV CANADA,NC-HWOS,MAN,British Columbia
CYYF,CYYF,71889,1126146,49.462580,-119.602280,344.400,NAV CANADA,NC-HWOS,MAN,British Columbia
CYYG,CYYG,71706,8300301,46.289170,-63.119170,50.900,NAV CANADA,NC-HWOS,MAN,Prince Edward Island
CYYH,CYYH,71580,2403856,69.546650,-93.577030,27.400,NAV CANADA,NC-AWOS,AUTO,Nunavut
CYYH,CYYH,71580,2403855,69.546650,-93.577030,27.400,NAV CANADA,NC-HWOS,MAN,Nunavut
CYYJ,CYYJ,71799,1018621,48.647160,-123.425740,19.500,NAV CANADA,NC-HWOS,MAN,British Columbia
CYYL,CYYL,71078,5061645,56.864000,-101.076160,356.600,NAV CANADA,NC-AWOS,AUTO,Manitoba
CYYN,CYYN,71142,4028038,50.291940,-107.690560,816.900,NAV CANADA,NC-AWOS,AUTO,Saskatchewan
CYYQ,CYYQ,71618,5060605,58.739060,-94.066360,29.300,NAV CANADA,NC-HWOS,MAN,Manitoba
CYYR,Goose Bay,71816,8501900,53.320000,-60.430000,49.000,,,MAN,Newfoundland and Labrador
CYYT,CYYT,71801,8403505,47.618620,-52.752420,140.500,NAV CANADA,NC-HWOS,MAN,Newfoundland and Labrador
CYYU,CYYU,71831,6073978,49.411590,-82.468700,226.500,NAV CANADA,NC-AWOS,AUTO,Ontario
CYYU,CYYU,71831,6073976,49.411590,-82.468700,226.500,NAV CANADA,NC-HWOS,MAN,Ontario
CYYW,CYYW,,6040327,50.290280,-88.909720,322.500,NAV CANADA,NC-AWOS,AUTO,Ontario
CYYY,CYYY,71718,7055121,48.609020,-68.207590,52.400,NAV CANADA,NC-HWOS,MAN,Quebec
CYYZ,CYYZ,71624,6158731,43.676660,-79.630650,173.400,NAV CANADA,NC-HWOS,MAN,Ontario
CYZE,CYZE,,6092919,45.881700,-82.568280,186.800,NAV CANADA,NC-AWOS,AUTO,Ontario
CYZF,CYZF,71936,2204101,62.462780,-114.440280,205.700,NAV CANADA,NC-HWOS,MAN,Northwest Territories
CYZG,CYZG,,7117802,62.179440,-75.667220,227.100,NAV CANADA,NC-AWOS,AUTO,Quebec
CYZG,CYZG,,7117801,62.179440,-75.667220,227.100,NAV CANADA,NC-HWOS,MAN,Quebec
CYZH,CYZH,71369,3065995,55.292920,-114.777210,582.800,NAV CANADA,NC-AWOS,AUTO,Alberta
CYZP,CYZP,71111,1057052,53.254260,-131.813810,6.400,NAV CANADA,NC-AWOS,AUTO,British Columbia
CYZR,CYZR,71704,6127510,42.999440,-82.308890,181.400,NAV CANADA,NC-AWOS,AUTO,Ontario
CYZS,CYZS,71915,2301004,64.193370,-83.359360,62.200,NAV CANADA,NC-AWOS,AUTO,Nunavut
CYZS,CYZS,71915,2301002,64.193370,-83.359360,62.200,NAV CANADA,NC-HWOS,MAN,Nunavut
CYZT,CYZT,71109,1026271,50.680600,-127.366660,21.600,NAV CANADA,NC-HWOS,MAN,British Columbia
CYZU,CYZU,71930,3057376,54.143850,-115.786770,782.400,NAV CANADA,NC-AWOS,AUTO,Alberta
CYZU,CYZU,71930,3067373,54.143850,-115.786770,782.400,NAV CANADA,NC-HWOS,MAN,Alberta
CYZV,CYZV,,7047911,50.223390,-66.265690,54.900,NAV CANADA,NC-HWOS,MAN,Quebec
CYZW,CYZW,,2101106,60.173070,-132.741730,705.000,NAV CANADA,NC-AWOS,AUTO,Yukon
CYZW,CYZW,,2101101,60.173070,-132.741730,705.000,NAV CANADA,NC-HWOS,MAN,Yukon
CYZX,Greenwood,71397,8202000,44.980000,-64.920000,28.000,,,MAN,Nova Scotia
CYZY,CYZY,71290,1184791,55.299440,-123.133330,690.100,NAV CANADA,NC-AWOS,AUTO,British Columbia
CZBF,CZBF,71574,8100506,47.629720,-65.738890,58.800,NAV CANADA,NC-AWOS,AUTO,New Brunswick
CZCP,CAPE PARRY,71948,2200675,70.171900,-124.734230,87.000,DND,DND-AWOS,AUTO,Northwest Territories
CZCR,CHARLO AUTO,71315,8100885,47.990000,-66.334200,43.000,MSC,CA,AUTO,New Brunswick
CZCY,CLYDE RIVER CLIMATE,71358,2400802,70.483300,-68.516700,26.500,MSC,CA,AUTO,Nunavut
CZDB,DEBERT,71317,8201390,45.416700,-63.466700,37.500,MSC,CA,AUTO,Nova Scotia
CZEL,ELORA RCS,71352,6142286,43.650000,-80.416667,384.400,MSC,CA,AUTO,Ontario
CZEM,CZEM,,7092310,52.226390,-78.522500,7.300,NAV CANADA,NC-AWOS,AUTO,Quebec
CZEM,CZEM,,7092306,52.226390,-78.522500,7.300,NAV CANADA,NC-HWOS,MAN,Quebec
CZEV,INUVIK CLIMATE,71364,2202578,68.317527,-133.532794,103.000,MSC,CA,AUTO,Northwest Territories
CZFA,CZFA,,2100527,62.206950,-133.373410,716.300,NAV CANADA,NC-AWOS,AUTO,Yukon
CZFA,CZFA,,2100519,62.206950,-133.373410,716.300,NAV CANADA,NC-HWOS,MAN,Yukon
CZFM,CZFM,,2201606,67.407360,-134.860660,35.400,NAV CANADA,NC-AWOS,AUTO,Northwest Territories
CZFM,CZFM,,2201599,67.407360,-134.860660,35.400,NAV CANADA,NC-HWOS,MAN,Northwest Territories
CZFN,CZFN,,2201705,64.909710,-125.569380,101.200,NAV CANADA,NC-AWOS,AUTO,Northwest Territories
CZFN,CZFN,,2201701,64.909710,-125.569380,101.200,NAV CANADA,NC-HWOS,MAN,Northwest Territories
CZFS,FORT SIMPSON CLIMATE,71365,2202102,61.758016,-121.232441,168.800,MSC,CA,AUTO,Northwest Territories
CZGH,FORT GOOD HOPE CS,71491,2201450,66.242200,-128.644200,81.700,MSC,CA,AUTO,Northwest Territories
CZHB,HUDSON BAY (AUT),71868,4083324,52.816700,-102.316700,358.100,MSC,CA,AUTO,Saskatchewan
CZHK,GJOA HAVEN CLIMATE,71363,2302340,68.635600,-95.850300,42.000,MSC,CA,AUTO,Nunavut
CZHY,HAY RIVER CLIMATE,71361,2202402,60.838900,-115.776700,165.800,MSC,CA,AUTO,Northwest Territories
CZKA,KAMLOOPS AUT,71741,1163842,50.702200,-120.441900,345.300,MSC,CA,AUTO,British Columbia
CZKD,KELSEY DAM CS,71572,5061422,56.037500,-96.509700,184.400,MSC,CA,AUTO,Manitoba
CZLT,ALERT CLIMATE,71355,2400305,82.493186,-62.349653,66.900,MSC,CA,AUTO,Nunavut
CZMD,CZMD,71678,6015026,53.441390,-91.762780,277.700,NAV CANADA,NC-AWOS,AUTO,Ontario
CZMJ,MOOSE JAW CS,71539,4015322,50.331700,-105.537500,577.000,MSC,CA,AUTO,Saskatchewan
CZMT,CZMT,,1054929,54.027110,-132.125080,5.800,NAV CANADA,NC-AWOS,AUTO,British Columbia
CZMT,CZMT,,1054921,54.027110,-132.125080,5.800,NAV CANADA,NC-HWOS,MAN,British Columbia
CZMU,MUNDARE AGDM,71354,3014665,53.566667,-112.300000,683.000,GovAB,CA,AUTO,Alberta
CZOC,OLD CROW RCS,71044,2100805,67.567923,-139.844928,251.000,MSC,CA,AUTO,Yukon
CZOL,OLIVER AGDM,71351,3014921,53.650000,-113.350000,665.000,GovAB,CA,AUTO,Alberta
CZPC,CZPC,71085,3035198,49.520430,-113.997100,1189.600,NAV CANADA,NC-AWOS,AUTO,Alberta
CZPK,PAULATUK,71984,2203058,69.354688,-124.076594,7.400,MSC,CA,AUTO,Northwest Territories
CZPS,PRENTISS,71353,3025297,52.433333,-113.600000,965.000,GovAB,CA,AUTO,Alberta
CZRP,REA POINT,71983,2403450,75.376700,-105.715000,16.400,MSC,CA,AUTO,Nunavut
CZSJ,CZSJ,71587,6017401,53.064180,-93.344380,289.900,NAV CANADA,NC-AWOS,AUTO,Ontario
CZSM,FORT SMITH CLIMATE,71362,2202202,60.026169,-111.928908,204.000,MSC,CA,AUTO,Northwest Territories
CZSP,ST PETERS,71310,8300562,46.450370,-62.575860,42.200,MSC,CA,AUTO,Prince Edward Island
CZST,CZST,71955,1067748,55.933390,-129.985200,7.300,NAV CANADA,NC-AWOS,AUTO,British Columbia
CZST,CZST,71955,1067741,55.933390,-129.985200,7.300,NAV CANADA,NC-HWOS,MAN,British Columbia
CZTB,THUNDER BAY CS,71667,6048268,48.369400,-89.327200,198.800,MSC,CA,AUTO,Ontario
CZUB,TUKTOYAKTUK,71985,2203914,69.433300,-133.016700,4.600,MSC,CA,AUTO,Northwest Territories
CZUM,CZUM,71002,8501131,53.561940,-64.106390,439.500,NAV CANADA,NC-AWOS,AUTO,Newfoundland and Labrador
CZVL,CZVL,71664,3012229,53.668330,-113.855550,687.600,NAV CANADA,NC-AWOS,AUTO,Alberta
CZVM,QIKIQTARJUAQ CLIMATE,71357,2400573,67.547400,-64.033400,6.561,MSC,CA,AUTO,Nunavut
CZWN,WAINWRIGHT CFB AIRFIELD 21,71118,301S001,52.829400,-111.095600,687.200,MSC,CA,AUTO,Alberta
CZZJ,EDSON CLIMATE,71156,3062246,53.580433,-116.453694,927.900,MSC,CA,AUTO,Alberta
